fixture_date,home_team,away_team,home_win,draw,away_win,expected_home_goals,expected_away_goals,top_score_1,top_score_1_probability,top_score_2,top_score_2_probability,top_score_3,top_score_3_probability,summary
21/08/2026 20:00,Arsenal,Coventry City,63.8,24.23,11.97,1.66,0.76,1-0,14.76,2-0,12.25,1-1,11.22,Arsenal มีภาษีดีกว่าจาก snapshot ล่าสุดและความได้เปรียบเจ้าบ้าน
22/08/2026 12:30,Hull City,Manchester United,3.84,21.81,74.35,0.28,1.61,0-1,24.32,0-2,19.58,0-0,15.11,Manchester United มีโอกาสบุกชนะได้จากคุณภาพทีมและเกมรุกที่เหนือกว่า
22/08/2026 15:00,Everton,Crystal Palace,44.11,29.61,26.28,1.2,0.88,1-0,14.99,1-1,13.19,0-0,12.49,Everton มีภาษีดีกว่าจาก snapshot ล่าสุดและความได้เปรียบเจ้าบ้าน
22/08/2026 15:00,Ipswich Town,Sunderland,47.61,34.92,17.46,0.98,0.56,0-0,21.44,1-0,21.01,0-1,12.01,Ipswich Town มีภาษีดีกว่าจาก snapshot ล่าสุดและความได้เปรียบเจ้าบ้าน
22/08/2026 15:00,Nottingham Forest,Leeds United,28.68,31.13,40.19,0.88,1.07,0-1,15.22,0-0,14.23,1-1,13.4,Leeds United มีโอกาสบุกชนะได้จากคุณภาพทีมและเกมรุกที่เหนือกว่า
22/08/2026 17:30,Brentford,Tottenham Hotspur,28.61,27.95,43.44,1.08,1.26,1-1,13.11,0-1,12.14,1-0,10.4,Tottenham Hotspur มีโอกาสบุกชนะได้จากคุณภาพทีมและเกมรุกที่เหนือกว่า
23/08/2026 14:00,Brighton,Aston Villa,30.15,31.8,38.05,0.87,1.02,0-1,15.41,0-0,15.11,1-1,13.41,Aston Villa มีโอกาสบุกชนะได้จากคุณภาพทีมและเกมรุกที่เหนือกว่า
23/08/2026 14:00,Manchester City,AFC Bournemouth,59.41,25.03,15.55,1.6,0.83,1-0,14.09,1-1,11.69,2-0,11.27,Manchester City มีภาษีดีกว่าจาก snapshot ล่าสุดและความได้เปรียบเจ้าบ้าน
23/08/2026 16:30,Newcastle United,Liverpool,7.39,23.26,69.35,0.61,1.7,0-1,16.87,0-2,14.34,1-1,10.29,Liverpool มีโอกาสบุกชนะได้จากคุณภาพทีมและเกมรุกที่เหนือกว่า
24/08/2026 20:00,Fulham,Chelsea,30.82,28.5,40.68,1.06,1.21,1-1,13.25,0-1,12.5,1-0,10.95,Chelsea มีโอกาสบุกชนะได้จากคุณภาพทีมและเกมรุกที่เหนือกว่า
28/08/2026 20:00,Crystal Palace,Manchester City,29.26,29.55,41.19,0.95,1.17,0-1,14.04,1-1,13.34,0-0,12,Manchester City มีโอกาสบุกชนะได้จากคุณภาพทีมและเกมรุกที่เหนือกว่า
29/08/2026 12:30,Liverpool,Nottingham Forest,76.05,19.99,3.97,1.97,0.67,1-0,14.06,2-0,13.85,1-1,9.42,Liverpool มีภาษีดีกว่าจาก snapshot ล่าสุดและความได้เปรียบเจ้าบ้าน
29/08/2026 15:00,AFC Bournemouth,Everton,44.08,31.51,24.41,1.1,0.77,1-0,16.95,0-0,15.41,1-1,13.05,AFC Bournemouth มีภาษีดีกว่าจาก snapshot ล่าสุดและความได้เปรียบเจ้าบ้าน
29/08/2026 15:00,Coventry City,Hull City,51.53,32.47,16,1.1,0.6,1-0,20.1,0-0,18.27,1-1,12.06,Coventry City มีภาษีดีกว่าจาก snapshot ล่าสุดและความได้เปรียบเจ้าบ้าน
29/08/2026 17:30,Tottenham Hotspur,Newcastle United,68.47,24.1,7.43,1.64,0.62,1-0,17.11,2-0,14.03,1-1,10.61,Tottenham Hotspur มีภาษีดีกว่าจาก snapshot ล่าสุดและความได้เปรียบเจ้าบ้าน
30/08/2026 14:00,Chelsea,Brighton,63.54,23.6,12.86,1.73,0.85,1-0,13.11,2-0,11.34,1-1,11.14,Chelsea มีภาษีดีกว่าจาก snapshot ล่าสุดและความได้เปรียบเจ้าบ้าน
30/08/2026 14:00,Leeds United,Brentford,38.66,29.76,31.58,1.1,1.02,1-1,13.47,1-0,13.2,0-1,12.24,Leeds United มีภาษีดีกว่าจาก snapshot ล่าสุดและความได้เปรียบเจ้าบ้าน
30/08/2026 14:00,Sunderland,Fulham,11.77,32.51,55.72,0.44,1.13,0-1,23.51,0-0,20.8,0-2,13.28,Fulham มีโอกาสบุกชนะได้จากคุณภาพทีมและเกมรุกที่เหนือกว่า
30/08/2026 16:30,Manchester United,Ipswich Town,70.02,22.98,7,1.74,0.67,1-0,15.63,2-0,13.6,1-1,10.47,Manchester United มีภาษีดีกว่าจาก snapshot ล่าสุดและความได้เปรียบเจ้าบ้าน
31/08/2026 20:00,Aston Villa,Arsenal,27.79,27.33,44.88,1.04,1.35,1-1,12.86,0-1,12.37,1-0,9.53,Arsenal มีโอกาสบุกชนะได้จากคุณภาพทีมและเกมรุกที่เหนือกว่า
04/09/2026 20:00,Ipswich Town,Liverpool,3.85,23.21,72.94,0.3,1.54,0-1,24.46,0-2,18.83,0-0,15.88,Liverpool มีโอกาสบุกชนะได้จากคุณภาพทีมและเกมรุกที่เหนือกว่า
05/09/2026 12:30,Newcastle United,AFC Bournemouth,30.89,30.76,38.35,0.9,1.09,0-1,14.9,0-0,13.67,1-1,13.41,AFC Bournemouth มีโอกาสบุกชนะได้จากคุณภาพทีมและเกมรุกที่เหนือกว่า
05/09/2026 15:00,Brentford,Sunderland,66.04,26.43,7.54,1.46,0.5,1-0,20.57,2-0,15.01,0-0,14.09,Brentford มีภาษีดีกว่าจาก snapshot ล่าสุดและความได้เปรียบเจ้าบ้าน
05/09/2026 15:00,Brighton,Leeds United,33.4,31.13,35.47,0.97,1,0-0,13.95,0-1,13.95,1-0,13.53,Leeds United มีโอกาสบุกชนะได้จากคุณภาพทีมและเกมรุกที่เหนือกว่า
05/09/2026 15:00,Fulham,Crystal Palace,43.44,30.87,25.69,1.12,0.83,1-0,15.93,0-0,14.23,1-1,13.23,Fulham มีภาษีดีกว่าจาก snapshot ล่าสุดและความได้เปรียบเจ้าบ้าน
05/09/2026 15:00,Manchester City,Coventry City,55.56,26.51,17.93,1.47,0.88,1-0,14.02,1-1,12.34,2-0,10.3,Manchester City มีภาษีดีกว่าจาก snapshot ล่าสุดและความได้เปรียบเจ้าบ้าน
05/09/2026 15:00,Nottingham Forest,Tottenham Hotspur,11.84,26.55,61.61,0.66,1.47,0-1,17.47,0-2,12.84,0-0,11.88,Tottenham Hotspur มีโอกาสบุกชนะได้จากคุณภาพทีมและเกมรุกที่เหนือกว่า
05/09/2026 17:30,Hull City,Aston Villa,12.28,32.9,54.82,0.45,1.11,0-1,23.33,0-0,21.01,0-2,12.95,Aston Villa มีโอกาสบุกชนะได้จากคุณภาพทีมและเกมรุกที่เหนือกว่า
06/09/2026 14:00,Everton,Manchester United,19.06,25.84,55.1,0.88,1.53,0-1,13.74,1-1,12.09,0-2,10.51,Manchester United มีโอกาสบุกชนะได้จากคุณภาพทีมและเกมรุกที่เหนือกว่า
06/09/2026 16:30,Arsenal,Chelsea,43.1,24.91,32,1.53,1.32,1-1,11.68,2-1,8.94,1-0,8.85,Arsenal มีภาษีดีกว่าจาก snapshot ล่าสุดและความได้เปรียบเจ้าบ้าน
12/09/2026 15:00,AFC Bournemouth,Brentford,26.71,31.38,41.91,0.79,1.1,0-1,16.62,0-0,15.11,1-1,13.13,Brentford มีโอกาสบุกชนะได้จากคุณภาพทีมและเกมรุกที่เหนือกว่า
12/09/2026 15:00,Aston Villa,Nottingham Forest,46.78,30.24,22.98,1.17,0.83,1-0,15.83,0-0,13.53,1-1,13.14,Aston Villa มีภาษีดีกว่าจาก snapshot ล่าสุดและความได้เปรียบเจ้าบ้าน
12/09/2026 15:00,Chelsea,Hull City,79.88,16.36,3.76,1.99,0.33,1-0,19.56,2-0,19.46,3-0,12.91,Chelsea มีภาษีดีกว่าจาก snapshot ล่าสุดและความได้เปรียบเจ้าบ้าน
12/09/2026 15:00,Crystal Palace,Ipswich Town,54.33,32.49,13.17,1.12,0.51,1-0,21.94,0-0,19.59,2-0,12.29,Crystal Palace มีภาษีดีกว่าจาก snapshot ล่าสุดและความได้เปรียบเจ้าบ้าน
12/09/2026 15:00,Liverpool,Fulham,70.44,22.52,7.04,1.79,0.71,1-0,14.69,2-0,13.15,1-1,10.43,Liverpool มีภาษีดีกว่าจาก snapshot ล่าสุดและความได้เปรียบเจ้าบ้าน
12/09/2026 17:30,Tottenham Hotspur,Everton,65.27,25.05,9.68,1.58,0.67,1-0,16.65,2-0,13.16,1-1,11.16,Tottenham Hotspur มีภาษีดีกว่าจาก snapshot ล่าสุดและความได้เปรียบเจ้าบ้าน
12/09/2026 20:00,Sunderland,Arsenal,9.52,25.57,64.91,0.59,1.53,0-1,18.36,0-2,14.05,0-0,12,Arsenal มีโอกาสบุกชนะได้จากคุณภาพทีมและเกมรุกที่เหนือกว่า
13/09/2026 14:00,Coventry City,Brighton,36.89,30.85,32.27,1.02,0.98,1-0,13.8,0-0,13.53,1-1,13.53,Coventry City มีภาษีดีกว่าจาก snapshot ล่าสุดและความได้เปรียบเจ้าบ้าน
13/09/2026 16:30,Manchester United,Manchester City,53.38,23.6,23.02,1.75,1.19,1-1,11.01,2-1,9.63,1-0,9.25,Manchester United มีภาษีดีกว่าจาก snapshot ล่าสุดและความได้เปรียบเจ้าบ้าน
14/09/2026 20:00,Leeds United,Newcastle United,45.8,29.84,24.36,1.19,0.86,1-0,15.32,1-1,13.17,0-0,12.87,Leeds United มีภาษีดีกว่าจาก snapshot ล่าสุดและความได้เปรียบเจ้าบ้าน
18/09/2026 20:00,Brentford,Chelsea,36.17,27.8,36.04,1.22,1.16,1-1,13.1,1-0,11.29,0-1,10.74,Brentford มีภาษีดีกว่าจาก snapshot ล่าสุดและความได้เปรียบเจ้าบ้าน
19/09/2026 12:30,Tottenham Hotspur,Aston Villa,63.97,25.24,10.78,1.57,0.7,1-0,16.22,2-0,12.73,1-1,11.35,Tottenham Hotspur มีภาษีดีกว่าจาก snapshot ล่าสุดและความได้เปรียบเจ้าบ้าน
19/09/2026 15:00,Brighton,Arsenal,22.53,27.71,49.77,0.9,1.36,0-1,14.19,1-1,12.77,0-0,10.44,Arsenal มีโอกาสบุกชนะได้จากคุณภาพทีมและเกมรุกที่เหนือกว่า
19/09/2026 15:00,Everton,Ipswich Town,48.92,31.08,20,1.15,0.72,1-0,17.72,0-0,15.41,1-1,12.76,Everton มีภาษีดีกว่าจาก snapshot ล่าสุดและความได้เปรียบเจ้าบ้าน
19/09/2026 15:00,Leeds United,Crystal Palace,41.23,30.46,28.31,1.11,0.91,1-0,14.72,1-1,13.4,0-0,13.27,Leeds United มีภาษีดีกว่าจาก snapshot ล่าสุดและความได้เปรียบเจ้าบ้าน
19/09/2026 15:00,Manchester City,Sunderland,71.8,22.44,5.76,1.77,0.63,1-0,16.06,2-0,14.21,1-1,10.12,Manchester City มีภาษีดีกว่าจาก snapshot ล่าสุดและความได้เปรียบเจ้าบ้าน
19/09/2026 15:00,Newcastle United,Hull City,57.79,29.27,12.94,1.29,0.61,1-0,19.29,0-0,14.96,2-0,12.44,Newcastle United มีภาษีดีกว่าจาก snapshot ล่าสุดและความได้เปรียบเจ้าบ้าน
19/09/2026 17:30,Nottingham Forest,Coventry City,35.74,33.55,30.71,0.9,0.84,0-0,17.55,1-0,15.8,0-1,14.74,Nottingham Forest มีภาษีดีกว่าจาก snapshot ล่าสุดและความได้เปรียบเจ้าบ้าน
20/09/2026 14:00,AFC Bournemouth,Liverpool,7.64,25.74,66.62,0.54,1.51,0-1,19.44,0-2,14.68,0-0,12.87,Liverpool มีโอกาสบุกชนะได้จากคุณภาพทีมและเกมรุกที่เหนือกว่า
20/09/2026 16:30,Fulham,Manchester United,22.26,27.37,50.37,0.9,1.39,0-1,14.08,1-1,12.67,0-0,10.13,Manchester United มีโอกาสบุกชนะได้จากคุณภาพทีมและเกมรุกที่เหนือกว่า
10/10/2026 15:00,Arsenal,Leeds United,57.59,24.25,18.16,1.68,0.96,1-0,11.99,1-1,11.51,2-0,10.07,Arsenal มีภาษีดีกว่าจาก snapshot ล่าสุดและความได้เปรียบเจ้าบ้าน
10/10/2026 15:00,Aston Villa,Brentford,37.46,30.04,32.5,1.07,1.02,1-1,13.5,1-0,13.23,0-1,12.62,Aston Villa มีภาษีดีกว่าจาก snapshot ล่าสุดและความได้เปรียบเจ้าบ้าน
10/10/2026 15:00,Chelsea,AFC Bournemouth,52.53,26.93,20.55,1.42,0.95,1-0,13.27,1-1,12.61,2-0,9.42,Chelsea มีภาษีดีกว่าจาก snapshot ล่าสุดและความได้เปรียบเจ้าบ้าน
10/10/2026 15:00,Coventry City,Newcastle United,27.16,31.45,41.39,0.8,1.09,0-1,16.47,0-0,15.11,1-1,13.17,Newcastle United มีโอกาสบุกชนะได้จากคุณภาพทีมและเกมรุกที่เหนือกว่า
10/10/2026 15:00,Crystal Palace,Nottingham Forest,41.32,32.96,25.72,0.97,0.81,0-0,16.86,1-0,16.36,0-1,13.66,Crystal Palace มีภาษีดีกว่าจาก snapshot ล่าสุดและความได้เปรียบเจ้าบ้าน
10/10/2026 15:00,Hull City,Everton,16.41,34.35,49.25,0.53,1.02,0-1,21.65,0-0,21.22,1-1,11.47,Everton มีโอกาสบุกชนะได้จากคุณภาพทีมและเกมรุกที่เหนือกว่า
10/10/2026 15:00,Ipswich Town,Fulham,26.32,36.73,36.95,0.67,0.82,0-0,22.54,0-1,18.48,1-0,15.1,Fulham มีโอกาสบุกชนะได้จากคุณภาพทีมและเกมรุกที่เหนือกว่า
10/10/2026 15:00,Liverpool,Manchester City,67.95,20.69,11.36,2.05,0.96,2-0,10.36,1-0,10.1,2-1,9.94,Liverpool มีภาษีดีกว่าจาก snapshot ล่าสุดและความได้เปรียบเจ้าบ้าน
10/10/2026 15:00,Manchester United,Tottenham Hotspur,43.56,24.62,31.82,1.57,1.33,1-1,11.49,2-1,9.02,1-0,8.64,Manchester United มีภาษีดีกว่าจาก snapshot ล่าสุดและความได้เปรียบเจ้าบ้าน
10/10/2026 15:00,Sunderland,Brighton,20.07,31.36,48.57,0.66,1.15,0-1,18.82,0-0,16.37,1-1,12.42,Brighton มีโอกาสบุกชนะได้จากคุณภาพทีมและเกมรุกที่เหนือกว่า
17/10/2026 15:00,AFC Bournemouth,Sunderland,59.48,30.07,10.45,1.25,0.5,1-0,21.72,0-0,17.38,2-0,13.58,AFC Bournemouth มีภาษีดีกว่าจาก snapshot ล่าสุดและความได้เปรียบเจ้าบ้าน
17/10/2026 15:00,Brentford,Liverpool,17.95,27.11,54.94,0.86,1.42,0-1,14.52,1-1,12.49,0-2,10.31,Liverpool มีโอกาสบุกชนะได้จากคุณภาพทีมและเกมรุกที่เหนือกว่า
17/10/2026 15:00,Brighton,Crystal Palace,27.17,32.12,40.72,0.8,1.04,0-1,16.52,0-0,15.88,1-1,13.21,Crystal Palace มีโอกาสบุกชนะได้จากคุณภาพทีมและเกมรุกที่เหนือกว่า
17/10/2026 15:00,Everton,Chelsea,22.93,26.97,50.1,0.93,1.42,0-1,13.54,1-1,12.59,0-2,9.62,Chelsea มีโอกาสบุกชนะได้จากคุณภาพทีมและเกมรุกที่เหนือกว่า
17/10/2026 15:00,Fulham,Hull City,64.5,28.93,6.57,1.31,0.43,1-0,22.99,0-0,17.55,2-0,15.06,Fulham มีภาษีดีกว่าจาก snapshot ล่าสุดและความได้เปรียบเจ้าบ้าน
17/10/2026 15:00,Leeds United,Manchester United,21.02,26.48,52.5,0.9,1.47,0-1,13.74,1-1,12.37,0-2,10.1,Manchester United มีโอกาสบุกชนะได้จากคุณภาพทีมและเกมรุกที่เหนือกว่า
17/10/2026 15:00,Manchester City,Ipswich Town,63.72,25,11.28,1.59,0.71,1-0,15.94,2-0,12.67,1-1,11.32,Manchester City มีภาษีดีกว่าจาก snapshot ล่าสุดและความได้เปรียบเจ้าบ้าน
17/10/2026 15:00,Newcastle United,Aston Villa,46.99,28.45,24.55,1.3,0.88,1-0,14.7,1-1,12.93,0-0,11.3,Newcastle United มีภาษีดีกว่าจาก snapshot ล่าสุดและความได้เปรียบเจ้าบ้าน
17/10/2026 15:00,Nottingham Forest,Arsenal,18.48,27.06,54.46,0.81,1.43,0-1,15.22,1-1,12.33,0-2,10.88,Arsenal มีโอกาสบุกชนะได้จากคุณภาพทีมและเกมรุกที่เหนือกว่า
17/10/2026 15:00,Tottenham Hotspur,Coventry City,69.94,24.68,5.39,1.58,0.54,1-0,18.96,2-0,14.98,0-0,12,Tottenham Hotspur มีภาษีดีกว่าจาก snapshot ล่าสุดและความได้เปรียบเจ้าบ้าน
24/10/2026 15:00,Arsenal,Everton,59.39,24.41,16.19,1.66,0.89,1-0,12.96,1-1,11.54,2-0,10.76,Arsenal มีภาษีดีกว่าจาก snapshot ล่าสุดและความได้เปรียบเจ้าบ้าน
24/10/2026 15:00,Aston Villa,Manchester City,29.41,27.98,42.61,1.04,1.28,1-1,13.08,0-1,12.58,1-0,10.22,Manchester City มีโอกาสบุกชนะได้จากคุณภาพทีมและเกมรุกที่เหนือกว่า
24/10/2026 15:00,Chelsea,Tottenham Hotspur,38.55,25.45,36,1.42,1.35,1-1,12.01,1-0,8.9,2-1,8.53,Chelsea มีภาษีดีกว่าจาก snapshot ล่าสุดและความได้เปรียบเจ้าบ้าน
24/10/2026 15:00,Coventry City,Fulham,25.79,33.01,41.2,0.74,1.01,0-1,17.55,0-0,17.38,1-1,12.99,Fulham มีโอกาสบุกชนะได้จากคุณภาพทีมและเกมรุกที่เหนือกว่า
24/10/2026 15:00,Crystal Palace,Newcastle United,40.92,32.48,26.6,1,0.82,0-0,16.2,1-0,16.2,0-1,13.29,Crystal Palace มีภาษีดีกว่าจาก snapshot ล่าสุดและความได้เปรียบเจ้าบ้าน
24/10/2026 15:00,Hull City,Brentford,13.87,32.3,53.83,0.51,1.13,0-1,21.92,0-0,19.4,0-2,12.38,Brentford มีโอกาสบุกชนะได้จากคุณภาพทีมและเกมรุกที่เหนือกว่า
24/10/2026 15:00,Ipswich Town,Nottingham Forest,25.58,35.06,39.36,0.65,0.93,0-0,20.6,0-1,19.16,1-0,13.39,Nottingham Forest มีโอกาสบุกชนะได้จากคุณภาพทีมและเกมรุกที่เหนือกว่า
24/10/2026 15:00,Liverpool,Brighton,79.29,16.83,3.87,2.18,0.6,2-0,14.74,1-0,13.52,3-0,10.71,Liverpool มีภาษีดีกว่าจาก snapshot ล่าสุดและความได้เปรียบเจ้าบ้าน
24/10/2026 15:00,Manchester United,AFC Bournemouth,60.78,24.62,14.6,1.64,0.88,1-0,13.2,1-1,11.61,2-0,10.82,Manchester United มีภาษีดีกว่าจาก snapshot ล่าสุดและความได้เปรียบเจ้าบ้าน
24/10/2026 15:00,Sunderland,Leeds United,13.73,30.01,56.25,0.55,1.25,0-1,20.66,0-0,16.53,0-2,12.91,Leeds United มีโอกาสบุกชนะได้จากคุณภาพทีมและเกมรุกที่เหนือกว่า
31/10/2026 15:00,AFC Bournemouth,Leeds United,37.12,31.48,31.4,1.01,0.92,1-0,14.66,0-0,14.51,1-1,13.49,AFC Bournemouth มีภาษีดีกว่าจาก snapshot ล่าสุดและความได้เปรียบเจ้าบ้าน
31/10/2026 15:00,Aston Villa,Fulham,40.15,31.93,27.92,1.03,0.84,1-0,15.87,0-0,15.41,1-1,13.33,Aston Villa มีภาษีดีกว่าจาก snapshot ล่าสุดและความได้เปรียบเจ้าบ้าน
31/10/2026 15:00,Brentford,Nottingham Forest,51.94,29.09,18.96,1.28,0.76,1-0,16.64,0-0,13,1-1,12.65,Brentford มีภาษีดีกว่าจาก snapshot ล่าสุดและความได้เปรียบเจ้าบ้าน
31/10/2026 15:00,Chelsea,Manchester United,42.93,24.84,32.22,1.54,1.32,1-1,11.64,2-1,8.96,1-0,8.82,Chelsea มีภาษีดีกว่าจาก snapshot ล่าสุดและความได้เปรียบเจ้าบ้าน
31/10/2026 15:00,Coventry City,Sunderland,48.25,31.87,19.88,1.1,0.71,1-0,18,0-0,16.37,1-1,12.78,Coventry City มีภาษีดีกว่าจาก snapshot ล่าสุดและความได้เปรียบเจ้าบ้าน
31/10/2026 15:00,Hull City,Ipswich Town,20.31,38.5,41.19,0.51,0.83,0-0,26.18,0-1,21.73,1-0,13.35,Ipswich Town มีโอกาสบุกชนะได้จากคุณภาพทีมและเกมรุกที่เหนือกว่า
31/10/2026 15:00,Liverpool,Arsenal,70.25,19.62,10.13,2.16,0.94,2-0,10.51,2-1,9.88,1-0,9.73,Liverpool มีภาษีดีกว่าจาก snapshot ล่าสุดและความได้เปรียบเจ้าบ้าน
31/10/2026 15:00,Manchester City,Brighton,63.67,23.17,13.16,1.77,0.85,1-0,12.89,2-0,11.4,1-1,10.95,Manchester City มีภาษีดีกว่าจาก snapshot ล่าสุดและความได้เปรียบเจ้าบ้าน
31/10/2026 15:00,Newcastle United,Everton,41.77,29.55,28.68,1.17,0.95,1-0,14.04,1-1,13.34,0-0,12,Newcastle United มีภาษีดีกว่าจาก snapshot ล่าสุดและความได้เปรียบเจ้าบ้าน
31/10/2026 15:00,Tottenham Hotspur,Crystal Palace,61.02,26.2,12.79,1.5,0.73,1-0,16.13,2-0,12.1,1-1,11.77,Tottenham Hotspur มีภาษีดีกว่าจาก snapshot ล่าสุดและความได้เปรียบเจ้าบ้าน
07/11/2026 15:00,Arsenal,Hull City,76,20.09,3.91,1.85,0.49,1-0,17.82,2-0,16.48,3-0,10.17,Arsenal มีภาษีดีกว่าจาก snapshot ล่าสุดและความได้เปรียบเจ้าบ้าน
07/11/2026 15:00,Brighton,Brentford,33.38,31.04,35.59,0.97,1.01,0-1,13.94,0-0,13.81,1-1,13.53,Brentford มีโอกาสบุกชนะได้จากคุณภาพทีมและเกมรุกที่เหนือกว่า
07/11/2026 15:00,Crystal Palace,Liverpool,9.21,26.39,64.4,0.55,1.47,0-1,19.5,0-2,14.33,0-0,13.27,Liverpool มีโอกาสบุกชนะได้จากคุณภาพทีมและเกมรุกที่เหนือกว่า
07/11/2026 15:00,Everton,Coventry City,43.71,31.06,25.24,1.1,0.84,1-0,15.81,0-0,14.37,1-1,13.28,Everton มีภาษีดีกว่าจาก snapshot ล่าสุดและความได้เปรียบเจ้าบ้าน
07/11/2026 15:00,Fulham,Newcastle United,45.82,30.6,23.57,1.15,0.81,1-0,16.2,0-0,14.09,1-1,13.12,Fulham มีภาษีดีกว่าจาก snapshot ล่าสุดและความได้เปรียบเจ้าบ้าน
07/11/2026 15:00,Ipswich Town,AFC Bournemouth,24.2,35.79,40.02,0.63,0.9,0-0,21.65,0-1,19.49,1-0,13.64,AFC Bournemouth มีโอกาสบุกชนะได้จากคุณภาพทีมและเกมรุกที่เหนือกว่า
07/11/2026 15:00,Leeds United,Tottenham Hotspur,22.23,27.43,50.34,0.92,1.38,0-1,13.84,1-1,12.73,0-0,10.03,Tottenham Hotspur มีโอกาสบุกชนะได้จากคุณภาพทีมและเกมรุกที่เหนือกว่า
07/11/2026 15:00,Manchester United,Aston Villa,70.34,20.98,8.69,1.94,0.75,1-0,13.17,2-0,12.77,1-1,9.88,Manchester United มีภาษีดีกว่าจาก snapshot ล่าสุดและความได้เปรียบเจ้าบ้าน
07/11/2026 15:00,Nottingham Forest,Manchester City,18.31,27.62,54.08,0.77,1.39,0-1,16.03,1-1,12.34,0-0,11.53,Manchester City มีโอกาสบุกชนะได้จากคุณภาพทีมและเกมรุกที่เหนือกว่า
07/11/2026 15:00,Sunderland,Chelsea,9.46,26.44,64.09,0.58,1.47,0-1,18.92,0-2,13.91,0-0,12.87,Chelsea มีโอกาสบุกชนะได้จากคุณภาพทีมและเกมรุกที่เหนือกว่า
21/11/2026 15:00,AFC Bournemouth,Nottingham Forest,50.43,30.81,18.77,1.18,0.68,1-0,18.37,0-0,15.57,1-1,12.49,AFC Bournemouth มีภาษีดีกว่าจาก snapshot ล่าสุดและความได้เปรียบเจ้าบ้าน
21/11/2026 15:00,Aston Villa,Sunderland,59.2,28.8,12,1.32,0.6,1-0,19.35,0-0,14.66,2-0,12.77,Aston Villa มีภาษีดีกว่าจาก snapshot ล่าสุดและความได้เปรียบเจ้าบ้าน
21/11/2026 15:00,Brentford,Everton,49.36,29.13,21.51,1.27,0.79,1-0,16.19,1-1,12.79,0-0,12.75,Brentford มีภาษีดีกว่าจาก snapshot ล่าสุดและความได้เปรียบเจ้าบ้าน
21/11/2026 15:00,Chelsea,Leeds United,57.32,24.75,17.92,1.63,0.94,1-0,12.48,1-1,11.73,2-0,10.17,Chelsea มีภาษีดีกว่าจาก snapshot ล่าสุดและความได้เปรียบเจ้าบ้าน
21/11/2026 15:00,Coventry City,Crystal Palace,30.06,31.72,38.22,0.88,1.02,0-1,15.26,0-0,14.96,1-1,13.43,Crystal Palace มีโอกาสบุกชนะได้จากคุณภาพทีมและเกมรุกที่เหนือกว่า
21/11/2026 15:00,Hull City,Brighton,23.37,34.12,42.5,0.68,0.97,0-0,19.2,0-1,18.63,1-0,13.06,Brighton มีโอกาสบุกชนะได้จากคุณภาพทีมและเกมรุกที่เหนือกว่า
21/11/2026 15:00,Liverpool,Manchester United,56.81,22.81,20.37,1.85,1.18,1-1,10.55,2-1,9.76,1-0,8.94,Liverpool มีภาษีดีกว่าจาก snapshot ล่าสุดและความได้เปรียบเจ้าบ้าน
21/11/2026 15:00,Manchester City,Fulham,56.05,25.96,17.99,1.52,0.85,1-0,14.21,1-1,12.08,2-0,10.8,Manchester City มีภาษีดีกว่าจาก snapshot ล่าสุดและความได้เปรียบเจ้าบ้าน
21/11/2026 15:00,Newcastle United,Arsenal,25.89,26.46,47.65,1.05,1.44,1-1,12.54,0-1,11.94,1-2,9.03,Arsenal มีโอกาสบุกชนะได้จากคุณภาพทีมและเกมรุกที่เหนือกว่า
21/11/2026 15:00,Tottenham Hotspur,Ipswich Town,69.93,25.49,4.58,1.52,0.51,1-0,19.96,2-0,15.17,0-0,13.13,Tottenham Hotspur มีภาษีดีกว่าจาก snapshot ล่าสุดและความได้เปรียบเจ้าบ้าน
28/11/2026 15:00,Arsenal,Manchester City,48.55,24.39,27.07,1.64,1.23,1-1,11.44,2-1,9.38,1-0,9.3,Arsenal มีภาษีดีกว่าจาก snapshot ล่าสุดและความได้เปรียบเจ้าบ้าน
28/11/2026 15:00,Brighton,Newcastle United,41.94,31.25,26.82,1.09,0.83,1-0,15.98,0-0,14.66,1-1,13.26,Brighton มีภาษีดีกว่าจาก snapshot ล่าสุดและความได้เปรียบเจ้าบ้าน
28/11/2026 15:00,Crystal Palace,Hull City,65.84,29.62,4.53,1.27,0.35,1-0,25.13,0-0,19.79,2-0,15.96,Crystal Palace มีภาษีดีกว่าจาก snapshot ล่าสุดและความได้เปรียบเจ้าบ้าน
28/11/2026 15:00,Everton,Liverpool,9.43,24.33,66.24,0.65,1.63,0-1,16.67,0-2,13.59,1-1,10.84,Liverpool มีโอกาสบุกชนะได้จากคุณภาพทีมและเกมรุกที่เหนือกว่า
28/11/2026 15:00,Fulham,AFC Bournemouth,40.08,32.22,27.71,1,0.85,0-0,15.72,1-0,15.72,0-1,13.37,Fulham มีภาษีดีกว่าจาก snapshot ล่าสุดและความได้เปรียบเจ้าบ้าน
28/11/2026 15:00,Ipswich Town,Aston Villa,25.73,34.33,39.94,0.71,0.94,0-0,19.2,0-1,18.05,1-0,13.64,Aston Villa มีโอกาสบุกชนะได้จากคุณภาพทีมและเกมรุกที่เหนือกว่า
28/11/2026 15:00,Leeds United,Coventry City,50.06,30.49,19.45,1.19,0.72,1-0,17.62,0-0,14.81,1-1,12.69,Leeds United มีภาษีดีกว่าจาก snapshot ล่าสุดและความได้เปรียบเจ้าบ้าน
28/11/2026 15:00,Manchester United,Brentford,61.94,23.23,14.83,1.78,0.94,1-0,11.73,1-1,11.02,2-0,10.44,Manchester United มีภาษีดีกว่าจาก snapshot ล่าสุดและความได้เปรียบเจ้าบ้าน
28/11/2026 15:00,Nottingham Forest,Chelsea,17.37,27.49,55.15,0.77,1.4,0-1,15.98,1-1,12.31,0-0,11.42,Chelsea มีโอกาสบุกชนะได้จากคุณภาพทีมและเกมรุกที่เหนือกว่า
28/11/2026 15:00,Sunderland,Tottenham Hotspur,3.98,24.24,71.78,0.44,1.57,0-1,21.04,0-2,16.51,0-0,13.4,Tottenham Hotspur มีโอกาสบุกชนะได้จากคุณภาพทีมและเกมรุกที่เหนือกว่า
02/12/2026 20:00,AFC Bournemouth,Brighton,39.99,31.52,28.5,1.03,0.89,1-0,15.1,0-0,14.66,1-1,13.44,AFC Bournemouth มีภาษีดีกว่าจาก snapshot ล่าสุดและความได้เปรียบเจ้าบ้าน
02/12/2026 20:00,Aston Villa,Everton,42.29,30.48,27.23,1.12,0.89,1-0,15.01,0-0,13.4,1-1,13.36,Aston Villa มีภาษีดีกว่าจาก snapshot ล่าสุดและความได้เปรียบเจ้าบ้าน
02/12/2026 20:00,Brentford,Arsenal,37.08,27.32,35.6,1.26,1.19,1-1,12.94,1-0,10.87,0-1,10.27,Brentford มีภาษีดีกว่าจาก snapshot ล่าสุดและความได้เปรียบเจ้าบ้าน
02/12/2026 20:00,Chelsea,Crystal Palace,56.78,25.39,17.83,1.57,0.9,1-0,13.28,1-1,11.95,2-0,10.42,Chelsea มีภาษีดีกว่าจาก snapshot ล่าสุดและความได้เปรียบเจ้าบ้าน
02/12/2026 20:00,Coventry City,Ipswich Town,33.12,34.28,32.6,0.81,0.87,0-0,18.64,0-1,16.21,1-0,15.1,คู่นี้ค่อนข้างสูสีและมีโอกาสเสมอสูง
02/12/2026 20:00,Hull City,Nottingham Forest,22.14,35.44,42.42,0.61,0.93,0-0,21.44,0-1,19.94,1-0,13.08,Nottingham Forest มีโอกาสบุกชนะได้จากคุณภาพทีมและเกมรุกที่เหนือกว่า
02/12/2026 20:00,Liverpool,Sunderland,84.5,11.83,3.67,2.33,0.27,2-0,20.16,1-0,17.31,3-0,15.66,Liverpool มีภาษีดีกว่าจาก snapshot ล่าสุดและความได้เปรียบเจ้าบ้าน
02/12/2026 20:00,Manchester City,Leeds United,59.21,23.9,16.89,1.71,0.91,1-0,12.45,1-1,11.33,2-0,10.64,Manchester City มีภาษีดีกว่าจาก snapshot ล่าสุดและความได้เปรียบเจ้าบ้าน
02/12/2026 20:00,Newcastle United,Manchester United,19.32,25.71,54.97,0.91,1.54,0-1,13.29,1-1,12.09,0-2,10.23,Manchester United มีโอกาสบุกชนะได้จากคุณภาพทีมและเกมรุกที่เหนือกว่า
02/12/2026 20:00,Tottenham Hotspur,Fulham,60.03,27.41,12.56,1.41,0.68,1-0,17.44,0-0,12.37,2-0,12.3,Tottenham Hotspur มีภาษีดีกว่าจาก snapshot ล่าสุดและความได้เปรียบเจ้าบ้าน
05/12/2026 15:00,AFC Bournemouth,Hull City,61.29,30.69,8.01,1.22,0.42,1-0,23.67,0-0,19.4,2-0,14.44,AFC Bournemouth มีภาษีดีกว่าจาก snapshot ล่าสุดและความได้เปรียบเจ้าบ้าน
05/12/2026 15:00,Aston Villa,Crystal Palace,36.48,31.04,32.48,1.01,0.97,1-0,13.94,0-0,13.81,1-1,13.53,Aston Villa มีภาษีดีกว่าจาก snapshot ล่าสุดและความได้เปรียบเจ้าบ้าน
05/12/2026 15:00,Brentford,Manchester City,37.17,27.86,34.97,1.22,1.15,1-1,13.12,1-0,11.4,0-1,10.75,Brentford มีภาษีดีกว่าจาก snapshot ล่าสุดและความได้เปรียบเจ้าบ้าน
05/12/2026 15:00,Chelsea,Liverpool,28.07,25.44,46.49,1.2,1.51,1-1,12.06,0-1,10.05,1-2,9.1,Liverpool มีโอกาสบุกชนะได้จากคุณภาพทีมและเกมรุกที่เหนือกว่า
05/12/2026 15:00,Everton,Fulham,39.06,31.4,29.54,1.04,0.89,1-0,15.1,0-0,14.51,1-1,13.43,Everton มีภาษีดีกว่าจาก snapshot ล่าสุดและความได้เปรียบเจ้าบ้าน
05/12/2026 15:00,Leeds United,Ipswich Town,47.58,31.96,20.46,1.09,0.72,1-0,17.84,0-0,16.37,1-1,12.84,Leeds United มีภาษีดีกว่าจาก snapshot ล่าสุดและความได้เปรียบเจ้าบ้าน
05/12/2026 15:00,Manchester United,Coventry City,73.03,21.25,5.73,1.87,0.64,1-0,15.2,2-0,14.21,1-1,9.73,Manchester United มีภาษีดีกว่าจาก snapshot ล่าสุดและความได้เปรียบเจ้าบ้าน
05/12/2026 15:00,Newcastle United,Sunderland,56.12,28.69,15.19,1.32,0.69,1-0,17.69,0-0,13.4,1-1,12.2,Newcastle United มีภาษีดีกว่าจาก snapshot ล่าสุดและความได้เปรียบเจ้าบ้าน
05/12/2026 15:00,Nottingham Forest,Brighton,33.31,31.3,35.39,0.94,1.01,0-1,14.37,0-0,14.23,1-1,13.51,Brighton มีโอกาสบุกชนะได้จากคุณภาพทีมและเกมรุกที่เหนือกว่า
05/12/2026 15:00,Tottenham Hotspur,Arsenal,55.17,24.64,20.19,1.64,1.02,1-1,11.7,1-0,11.47,2-1,9.59,Tottenham Hotspur มีภาษีดีกว่าจาก snapshot ล่าสุดและความได้เปรียบเจ้าบ้าน
12/12/2026 15:00,Arsenal,AFC Bournemouth,57.72,25.39,16.89,1.57,0.88,1-0,13.55,1-1,11.92,2-0,10.64,Arsenal มีภาษีดีกว่าจาก snapshot ล่าสุดและความได้เปรียบเจ้าบ้าน
12/12/2026 15:00,Brighton,Everton,34.82,32.03,33.15,0.95,0.93,0-0,15.26,1-0,14.5,0-1,14.19,Brighton มีภาษีดีกว่าจาก snapshot ล่าสุดและความได้เปรียบเจ้าบ้าน
12/12/2026 15:00,Coventry City,Aston Villa,27.5,31.25,41.25,0.83,1.09,0-1,15.98,0-0,14.66,1-1,13.26,Aston Villa มีโอกาสบุกชนะได้จากคุณภาพทีมและเกมรุกที่เหนือกว่า
12/12/2026 15:00,Crystal Palace,Manchester United,19.32,27.86,52.82,0.78,1.37,0-1,15.96,1-1,12.45,0-0,11.65,Manchester United มีโอกาสบุกชนะได้จากคุณภาพทีมและเกมรุกที่เหนือกว่า
12/12/2026 15:00,Fulham,Brentford,45.66,29.6,24.74,1.21,0.86,1-0,15.27,1-1,13.13,0-0,12.62,Fulham มีภาษีดีกว่าจาก snapshot ล่าสุดและความได้เปรียบเจ้าบ้าน
12/12/2026 15:00,Hull City,Tottenham Hotspur,3.93,25.48,70.59,0.37,1.46,0-1,23.42,0-2,17.1,0-0,16.04,Tottenham Hotspur มีโอกาสบุกชนะได้จากคุณภาพทีมและเกมรุกที่เหนือกว่า
12/12/2026 15:00,Ipswich Town,Newcastle United,28.68,34.68,36.64,0.75,0.89,0-0,19.4,0-1,17.26,1-0,14.55,Newcastle United มีโอกาสบุกชนะได้จากคุณภาพทีมและเกมรุกที่เหนือกว่า
12/12/2026 15:00,Liverpool,Leeds United,74.03,20.22,5.74,2.01,0.75,2-0,12.79,1-0,12.72,2-1,9.59,Liverpool มีภาษีดีกว่าจาก snapshot ล่าสุดและความได้เปรียบเจ้าบ้าน
12/12/2026 15:00,Manchester City,Chelsea,41.76,25.16,33.08,1.49,1.32,1-1,11.84,1-0,8.97,2-1,8.82,Manchester City มีภาษีดีกว่าจาก snapshot ล่าสุดและความได้เปรียบเจ้าบ้าน
12/12/2026 15:00,Sunderland,Nottingham Forest,25.35,33.24,41.41,0.73,1,0-0,17.73,0-1,17.73,1-0,12.94,Nottingham Forest มีโอกาสบุกชนะได้จากคุณภาพทีมและเกมรุกที่เหนือกว่า
19/12/2026 15:00,AFC Bournemouth,Coventry City,44.92,33.08,21.99,1.03,0.69,1-0,18.44,0-0,17.91,1-1,12.73,AFC Bournemouth มีภาษีดีกว่าจาก snapshot ล่าสุดและความได้เปรียบเจ้าบ้าน
19/12/2026 15:00,Arsenal,Manchester United,33.09,24.87,42.04,1.33,1.53,1-1,11.65,1-2,8.92,0-1,8.76,Manchester United มีโอกาสบุกชนะได้จากคุณภาพทีมและเกมรุกที่เหนือกว่า
19/12/2026 15:00,Brentford,Newcastle United,49.47,29.1,21.43,1.27,0.8,1-0,16.03,1-1,12.82,0-0,12.62,Brentford มีภาษีดีกว่าจาก snapshot ล่าสุดและความได้เปรียบเจ้าบ้าน
19/12/2026 15:00,Brighton,Ipswich Town,42.92,33.79,23.29,0.98,0.7,0-0,18.64,1-0,18.26,0-1,13.05,Brighton มีภาษีดีกว่าจาก snapshot ล่าสุดและความได้เปรียบเจ้าบ้าน
19/12/2026 15:00,Chelsea,Aston Villa,56.14,25.37,18.49,1.57,0.94,1-0,12.76,1-1,11.99,2-0,10.02,Chelsea มีภาษีดีกว่าจาก snapshot ล่าสุดและความได้เปรียบเจ้าบ้าน
19/12/2026 15:00,Leeds United,Fulham,34.45,32.13,33.42,0.92,0.95,0-0,15.41,0-1,14.64,1-0,14.18,Leeds United มีภาษีดีกว่าจาก snapshot ล่าสุดและความได้เปรียบเจ้าบ้าน
19/12/2026 15:00,Liverpool,Tottenham Hotspur,54,23.53,22.47,1.76,1.18,1-1,10.98,2-1,9.66,1-0,9.3,Liverpool มีภาษีดีกว่าจาก snapshot ล่าสุดและความได้เปรียบเจ้าบ้าน
19/12/2026 15:00,Manchester City,Hull City,77.84,18.31,3.85,1.92,0.41,1-0,18.68,2-0,17.93,3-0,11.48,Manchester City มีภาษีดีกว่าจาก snapshot ล่าสุดและความได้เปรียบเจ้าบ้าน
19/12/2026 15:00,Nottingham Forest,Everton,31.54,32.2,36.25,0.89,0.97,0-0,15.57,0-1,15.1,1-0,13.85,Everton มีโอกาสบุกชนะได้จากคุณภาพทีมและเกมรุกที่เหนือกว่า
19/12/2026 15:00,Sunderland,Crystal Palace,15.31,31.76,52.94,0.56,1.15,0-1,20.8,0-0,18.09,0-2,11.96,Crystal Palace มีโอกาสบุกชนะได้จากคุณภาพทีมและเกมรุกที่เหนือกว่า
26/12/2026 15:00,Aston Villa,Leeds United,39.36,29.96,30.68,1.11,0.98,1-0,13.73,1-1,13.45,0-0,12.37,Aston Villa มีภาษีดีกว่าจาก snapshot ล่าสุดและความได้เปรียบเจ้าบ้าน
26/12/2026 15:00,Coventry City,Chelsea,16.17,26.72,57.11,0.74,1.46,0-1,16.18,1-1,11.97,0-2,11.81,Chelsea มีโอกาสบุกชนะได้จากคุณภาพทีมและเกมรุกที่เหนือกว่า
26/12/2026 15:00,Crystal Palace,Arsenal,27.62,28.82,43.56,0.95,1.24,0-1,13.88,1-1,13.18,0-0,11.19,Arsenal มีโอกาสบุกชนะได้จากคุณภาพทีมและเกมรุกที่เหนือกว่า
26/12/2026 15:00,Everton,Sunderland,65.08,26.34,8.58,1.47,0.53,1-0,19.89,2-0,14.62,0-0,13.53,Everton มีภาษีดีกว่าจาก snapshot ล่าสุดและความได้เปรียบเจ้าบ้าน
26/12/2026 15:00,Fulham,Brighton,57.97,27.27,14.76,1.42,0.67,1-0,17.56,2-0,12.47,0-0,12.37,Fulham มีภาษีดีกว่าจาก snapshot ล่าสุดและความได้เปรียบเจ้าบ้าน
26/12/2026 15:00,Hull City,Liverpool,3.72,20.25,76.03,0.25,1.65,0-1,24.68,0-2,20.36,0-0,14.96,Liverpool มีโอกาสบุกชนะได้จากคุณภาพทีมและเกมรุกที่เหนือกว่า
26/12/2026 15:00,Ipswich Town,Brentford,17.33,32.34,50.33,0.55,1.12,0-1,21.08,0-0,18.82,0-2,11.81,Brentford มีโอกาสบุกชนะได้จากคุณภาพทีมและเกมรุกที่เหนือกว่า
26/12/2026 15:00,Manchester United,Nottingham Forest,71.08,21.6,7.32,1.88,0.74,1-0,13.69,2-0,12.87,1-1,10.13,Manchester United มีภาษีดีกว่าจาก snapshot ล่าสุดและความได้เปรียบเจ้าบ้าน
26/12/2026 15:00,Newcastle United,Manchester City,28.62,27.17,44.21,1.08,1.35,1-1,12.84,0-1,11.88,1-0,9.51,Manchester City มีโอกาสบุกชนะได้จากคุณภาพทีมและเกมรุกที่เหนือกว่า
26/12/2026 15:00,Tottenham Hotspur,AFC Bournemouth,60.05,27.26,12.69,1.42,0.72,1-0,16.71,1-1,12.03,2-0,11.86,Tottenham Hotspur มีภาษีดีกว่าจาก snapshot ล่าสุดและความได้เปรียบเจ้าบ้าน
30/12/2026 20:00,Aston Villa,Liverpool,7.73,24.06,68.21,0.57,1.63,0-1,18.06,0-2,14.72,0-0,11.08,Liverpool มีโอกาสบุกชนะได้จากคุณภาพทีมและเกมรุกที่เหนือกว่า
30/12/2026 20:00,Coventry City,Brentford,27.08,30.5,42.42,0.85,1.14,0-1,15.58,0-0,13.67,1-1,13.25,Brentford มีโอกาสบุกชนะได้จากคุณภาพทีมและเกมรุกที่เหนือกว่า
30/12/2026 20:00,Crystal Palace,AFC Bournemouth,38.34,33.86,27.81,0.91,0.8,0-0,18.09,1-0,16.46,0-1,14.47,Crystal Palace มีภาษีดีกว่าจาก snapshot ล่าสุดและความได้เปรียบเจ้าบ้าน
30/12/2026 20:00,Everton,Manchester City,33.09,27.57,39.34,1.16,1.25,1-1,13.02,0-1,11.23,1-0,10.42,Manchester City มีโอกาสบุกชนะได้จากคุณภาพทีมและเกมรุกที่เหนือกว่า
30/12/2026 20:00,Fulham,Arsenal,40.04,27.59,32.37,1.29,1.1,1-1,13,1-0,11.82,0-1,10.08,Fulham มีภาษีดีกว่าจาก snapshot ล่าสุดและความได้เปรียบเจ้าบ้าน
30/12/2026 20:00,Hull City,Leeds United,15.53,32.9,51.57,0.55,1.09,0-1,21.14,0-0,19.4,1-1,11.63,Leeds United มีโอกาสบุกชนะได้จากคุณภาพทีมและเกมรุกที่เหนือกว่า
30/12/2026 20:00,Ipswich Town,Chelsea,20.44,30.28,49.28,0.77,1.19,0-1,16.76,0-0,14.09,1-1,12.91,Chelsea มีโอกาสบุกชนะได้จากคุณภาพทีมและเกมรุกที่เหนือกว่า
30/12/2026 20:00,Manchester United,Sunderland,79.13,17.05,3.82,2.06,0.48,2-0,16.73,1-0,16.25,3-0,11.49,Manchester United มีภาษีดีกว่าจาก snapshot ล่าสุดและความได้เปรียบเจ้าบ้าน
30/12/2026 20:00,Newcastle United,Nottingham Forest,49.17,28.83,22,1.28,0.84,1-0,15.36,1-1,12.91,0-0,12,Newcastle United มีภาษีดีกว่าจาก snapshot ล่าสุดและความได้เปรียบเจ้าบ้าน
30/12/2026 20:00,Tottenham Hotspur,Brighton,69.48,23.54,6.98,1.69,0.65,1-0,16.28,2-0,13.76,1-1,10.58,Tottenham Hotspur มีภาษีดีกว่าจาก snapshot ล่าสุดและความได้เปรียบเจ้าบ้าน
02/01/2027 15:00,AFC Bournemouth,Aston Villa,35.52,32.13,32.35,0.95,0.92,0-0,15.41,1-0,14.64,0-1,14.18,AFC Bournemouth มีภาษีดีกว่าจาก snapshot ล่าสุดและความได้เปรียบเจ้าบ้าน
02/01/2027 15:00,Arsenal,Ipswich Town,67.07,23.87,9.06,1.67,0.67,1-0,16.09,2-0,13.43,1-1,10.78,Arsenal มีภาษีดีกว่าจาก snapshot ล่าสุดและความได้เปรียบเจ้าบ้าน
02/01/2027 15:00,Brentford,Crystal Palace,45.2,29.77,25.04,1.2,0.85,1-0,15.45,1-1,13.13,0-0,12.87,Brentford มีภาษีดีกว่าจาก snapshot ล่าสุดและความได้เปรียบเจ้าบ้าน
02/01/2027 15:00,Brighton,Manchester United,13.52,25.91,60.57,0.7,1.52,0-1,16.51,0-2,12.55,1-1,11.56,Manchester United มีโอกาสบุกชนะได้จากคุณภาพทีมและเกมรุกที่เหนือกว่า
02/01/2027 15:00,Chelsea,Newcastle United,69.94,21.61,8.45,1.86,0.69,1-0,14.52,2-0,13.51,1-1,10.02,Chelsea มีภาษีดีกว่าจาก snapshot ล่าสุดและความได้เปรียบเจ้าบ้าน
02/01/2027 15:00,Leeds United,Everton,42.13,30.35,27.53,1.12,0.91,1-0,14.71,1-1,13.39,0-0,13.13,Leeds United มีภาษีดีกว่าจาก snapshot ล่าสุดและความได้เปรียบเจ้าบ้าน
02/01/2027 15:00,Liverpool,Coventry City,78.37,17.79,3.85,2.03,0.52,2-0,16.09,1-0,15.85,3-0,10.89,Liverpool มีภาษีดีกว่าจาก snapshot ล่าสุดและความได้เปรียบเจ้าบ้าน
02/01/2027 15:00,Manchester City,Tottenham Hotspur,35.94,25.47,38.6,1.38,1.39,1-1,12.02,0-1,8.71,1-0,8.65,Tottenham Hotspur มีโอกาสบุกชนะได้จากคุณภาพทีมและเกมรุกที่เหนือกว่า
02/01/2027 15:00,Nottingham Forest,Fulham,17.34,32.34,50.32,0.55,1.12,0-1,21.08,0-0,18.82,0-2,11.81,Fulham มีโอกาสบุกชนะได้จากคุณภาพทีมและเกมรุกที่เหนือกว่า
02/01/2027 15:00,Sunderland,Hull City,43.52,35.26,21.22,0.94,0.61,0-0,21.22,1-0,19.95,0-1,12.95,Sunderland มีภาษีดีกว่าจาก snapshot ล่าสุดและความได้เปรียบเจ้าบ้าน
06/01/2027 20:00,Arsenal,Brentford,54.12,25.01,20.87,1.6,1.03,1-1,11.88,1-0,11.53,2-1,9.5,Arsenal มีภาษีดีกว่าจาก snapshot ล่าสุดและความได้เปรียบเจ้าบ้าน
06/01/2027 20:00,Brighton,AFC Bournemouth,34.37,33,32.63,0.9,0.89,0-0,16.7,1-0,15.03,0-1,14.86,Brighton มีภาษีดีกว่าจาก snapshot ล่าสุดและความได้เปรียบเจ้าบ้าน
06/01/2027 20:00,Crystal Palace,Chelsea,26.55,29.34,44.11,0.91,1.21,0-1,14.52,1-1,13.22,0-0,12,Chelsea มีโอกาสบุกชนะได้จากคุณภาพทีมและเกมรุกที่เหนือกว่า
06/01/2027 20:00,Everton,Aston Villa,40.26,29.83,29.91,1.13,0.97,1-0,13.84,1-1,13.42,0-0,12.25,Everton มีภาษีดีกว่าจาก snapshot ล่าสุดและความได้เปรียบเจ้าบ้าน
06/01/2027 20:00,Fulham,Tottenham Hotspur,26.73,28.46,44.81,1,1.25,0-1,13.17,1-1,13.17,0-0,10.54,Tottenham Hotspur มีโอกาสบุกชนะได้จากคุณภาพทีมและเกมรุกที่เหนือกว่า
06/01/2027 20:00,Ipswich Town,Coventry City,36.6,36.31,27.09,0.83,0.69,0-0,21.87,1-0,18.15,0-1,15.09,Ipswich Town มีภาษีดีกว่าจาก snapshot ล่าสุดและความได้เปรียบเจ้าบ้าน
06/01/2027 20:00,Leeds United,Manchester City,27.7,27.68,44.62,1,1.33,0-1,12.94,1-1,12.94,0-0,9.73,Manchester City มีโอกาสบุกชนะได้จากคุณภาพทีมและเกมรุกที่เหนือกว่า
06/01/2027 20:00,Manchester United,Newcastle United,70.1,21.42,8.48,1.9,0.75,1-0,13.42,2-0,12.75,1-1,10.07,Manchester United มีภาษีดีกว่าจาก snapshot ล่าสุดและความได้เปรียบเจ้าบ้าน
06/01/2027 20:00,Nottingham Forest,Hull City,49.43,33.35,17.21,1.05,0.6,1-0,20.17,0-0,19.2,1-1,12.1,Nottingham Forest มีภาษีดีกว่าจาก snapshot ล่าสุดและความได้เปรียบเจ้าบ้าน
06/01/2027 20:00,Sunderland,Liverpool,3.71,17.37,78.92,0.25,1.84,0-1,22.76,0-2,20.94,0-3,12.84,Liverpool มีโอกาสบุกชนะได้จากคุณภาพทีมและเกมรุกที่เหนือกว่า
16/01/2027 15:00,AFC Bournemouth,Ipswich Town,44.32,34.3,21.39,0.97,0.66,0-0,19.59,1-0,19.01,0-1,12.93,AFC Bournemouth มีภาษีดีกว่าจาก snapshot ล่าสุดและความได้เปรียบเจ้าบ้าน
16/01/2027 15:00,Aston Villa,Manchester United,16.06,25.46,58.48,0.77,1.56,0-1,15.18,0-2,11.84,1-1,11.69,Manchester United มีโอกาสบุกชนะได้จากคุณภาพทีมและเกมรุกที่เหนือกว่า
16/01/2027 15:00,Brentford,Brighton,51.04,28.4,20.56,1.32,0.82,1-0,15.53,1-1,12.73,0-0,11.77,Brentford มีภาษีดีกว่าจาก snapshot ล่าสุดและความได้เปรียบเจ้าบ้าน
16/01/2027 15:00,Chelsea,Sunderland,74.29,21.72,3.99,1.8,0.58,1-0,16.66,2-0,14.99,1-1,9.66,Chelsea มีภาษีดีกว่าจาก snapshot ล่าสุดและความได้เปรียบเจ้าบ้าน
16/01/2027 15:00,Coventry City,Everton,35.51,31.62,32.87,0.98,0.94,0-0,14.66,1-0,14.37,0-1,13.78,Coventry City มีภาษีดีกว่าจาก snapshot ล่าสุดและความได้เปรียบเจ้าบ้าน
16/01/2027 15:00,Hull City,Arsenal,9.66,27.66,62.68,0.55,1.39,0-1,19.97,0-0,14.37,0-2,13.88,Arsenal มีโอกาสบุกชนะได้จากคุณภาพทีมและเกมรุกที่เหนือกว่า
16/01/2027 15:00,Liverpool,Crystal Palace,73.99,20.57,5.44,1.96,0.71,1-0,13.57,2-0,13.3,1-1,9.64,Liverpool มีภาษีดีกว่าจาก snapshot ล่าสุดและความได้เปรียบเจ้าบ้าน
16/01/2027 15:00,Manchester City,Nottingham Forest,65.05,23.45,11.51,1.73,0.78,1-0,14.06,2-0,12.16,1-1,10.97,Manchester City มีภาษีดีกว่าจาก snapshot ล่าสุดและความได้เปรียบเจ้าบ้าน
16/01/2027 15:00,Newcastle United,Fulham,39.16,30.91,29.93,1.07,0.91,1-0,14.77,0-0,13.81,1-1,13.44,Newcastle United มีภาษีดีกว่าจาก snapshot ล่าสุดและความได้เปรียบเจ้าบ้าน
16/01/2027 15:00,Tottenham Hotspur,Leeds United,61.55,25.46,12.99,1.56,0.77,1-0,15.18,2-0,11.84,1-1,11.69,Tottenham Hotspur มีภาษีดีกว่าจาก snapshot ล่าสุดและความได้เปรียบเจ้าบ้าน
23/01/2027 15:00,Arsenal,Newcastle United,65.58,22.68,11.75,1.8,0.79,1-0,13.5,2-0,12.15,1-1,10.67,Arsenal มีภาษีดีกว่าจาก snapshot ล่าสุดและความได้เปรียบเจ้าบ้าน
23/01/2027 15:00,Brighton,Manchester City,24.04,28.49,47.47,0.9,1.29,0-1,14.44,1-1,12.99,0-0,11.19,Manchester City มีโอกาสบุกชนะได้จากคุณภาพทีมและเกมรุกที่เหนือกว่า
23/01/2027 15:00,Crystal Palace,Tottenham Hotspur,20.53,28.97,50.51,0.8,1.28,0-1,15.99,1-1,12.79,0-0,12.49,Tottenham Hotspur มีโอกาสบุกชนะได้จากคุณภาพทีมและเกมรุกที่เหนือกว่า
23/01/2027 15:00,Everton,Brentford,37.76,29.44,32.8,1.11,1.05,1-1,13.44,1-0,12.8,0-1,12.11,Everton มีภาษีดีกว่าจาก snapshot ล่าสุดและความได้เปรียบเจ้าบ้าน
23/01/2027 15:00,Fulham,Aston Villa,40.89,30.87,28.24,1.08,0.9,1-0,14.91,0-0,13.81,1-1,13.42,Fulham มีภาษีดีกว่าจาก snapshot ล่าสุดและความได้เปรียบเจ้าบ้าน
23/01/2027 15:00,Ipswich Town,Hull City,51.05,35.71,13.24,0.98,0.45,0-0,23.93,1-0,23.45,2-0,11.49,Ipswich Town มีภาษีดีกว่าจาก snapshot ล่าสุดและความได้เปรียบเจ้าบ้าน
23/01/2027 15:00,Leeds United,Chelsea,27.82,27.79,44.39,1.02,1.31,1-1,13,0-1,12.75,1-0,9.92,Chelsea มีโอกาสบุกชนะได้จากคุณภาพทีมและเกมรุกที่เหนือกว่า
23/01/2027 15:00,Manchester United,Liverpool,33.08,25.04,41.88,1.35,1.49,1-1,11.75,1-2,8.76,0-1,8.71,Liverpool มีโอกาสบุกชนะได้จากคุณภาพทีมและเกมรุกที่เหนือกว่า
23/01/2027 15:00,Nottingham Forest,AFC Bournemouth,19.31,31.99,48.69,0.59,1.13,0-1,20.23,0-0,17.91,1-1,11.94,AFC Bournemouth มีโอกาสบุกชนะได้จากคุณภาพทีมและเกมรุกที่เหนือกว่า
23/01/2027 15:00,Sunderland,Coventry City,22.39,34.46,43.15,0.64,0.97,0-0,19.99,0-1,19.39,1-0,12.79,Coventry City มีโอกาสบุกชนะได้จากคุณภาพทีมและเกมรุกที่เหนือกว่า
30/01/2027 15:00,AFC Bournemouth,Fulham,36.05,33.88,30.07,0.9,0.81,0-0,18.09,1-0,16.28,0-1,14.65,AFC Bournemouth มีภาษีดีกว่าจาก snapshot ล่าสุดและความได้เปรียบเจ้าบ้าน
30/01/2027 15:00,Aston Villa,Ipswich Town,48.11,31.93,19.96,1.1,0.7,1-0,18.18,0-0,16.53,1-1,12.73,Aston Villa มีภาษีดีกว่าจาก snapshot ล่าสุดและความได้เปรียบเจ้าบ้าน
30/01/2027 15:00,Brentford,Manchester United,27.14,27.25,45.61,1.06,1.35,1-1,12.85,0-1,12.13,1-0,9.52,Manchester United มีโอกาสบุกชนะได้จากคุณภาพทีมและเกมรุกที่เหนือกว่า
30/01/2027 15:00,Chelsea,Nottingham Forest,64.64,23.93,11.43,1.69,0.79,1-0,14.15,2-0,11.96,1-1,11.18,Chelsea มีภาษีดีกว่าจาก snapshot ล่าสุดและความได้เปรียบเจ้าบ้าน
30/01/2027 15:00,Coventry City,Leeds United,25.79,30.55,43.66,0.82,1.15,0-1,16.04,0-0,13.95,1-1,13.15,Leeds United มีโอกาสบุกชนะได้จากคุณภาพทีมและเกมรุกที่เหนือกว่า
30/01/2027 15:00,Hull City,Crystal Palace,11.05,33.21,55.74,0.42,1.1,0-1,24.06,0-0,21.87,0-2,13.23,Crystal Palace มีโอกาสบุกชนะได้จากคุณภาพทีมและเกมรุกที่เหนือกว่า
30/01/2027 15:00,Liverpool,Everton,78.25,17.83,3.92,2.1,0.59,2-0,14.97,1-0,14.25,3-0,10.48,Liverpool มีภาษีดีกว่าจาก snapshot ล่าสุดและความได้เปรียบเจ้าบ้าน
30/01/2027 15:00,Manchester City,Arsenal,45.36,24.51,30.13,1.6,1.3,1-1,11.44,2-1,9.16,1-0,8.8,Manchester City มีภาษีดีกว่าจาก snapshot ล่าสุดและความได้เปรียบเจ้าบ้าน
30/01/2027 15:00,Newcastle United,Brighton,41.17,29.11,29.72,1.17,1.02,1-1,13.36,1-0,13.09,0-1,11.42,Newcastle United มีภาษีดีกว่าจาก snapshot ล่าสุดและความได้เปรียบเจ้าบ้าน
30/01/2027 15:00,Tottenham Hotspur,Sunderland,76.39,19.82,3.79,1.77,0.38,1-0,20.62,2-0,18.25,0-0,11.65,Tottenham Hotspur มีภาษีดีกว่าจาก snapshot ล่าสุดและความได้เปรียบเจ้าบ้าน
06/02/2027 15:00,Arsenal,Liverpool,21.67,24.44,53.9,1.06,1.66,1-1,11.59,0-1,10.94,1-2,9.62,Liverpool มีโอกาสบุกชนะได้จากคุณภาพทีมและเกมรุกที่เหนือกว่า
06/02/2027 15:00,Brighton,Hull City,54.83,32.04,13.13,1.14,0.53,1-0,21.46,0-0,18.82,2-0,12.23,Brighton มีภาษีดีกว่าจาก snapshot ล่าสุดและความได้เปรียบเจ้าบ้าน
06/02/2027 15:00,Crystal Palace,Coventry City,42.96,34.02,23.02,0.96,0.71,0-0,18.82,1-0,18.07,0-1,13.37,Crystal Palace มีภาษีดีกว่าจาก snapshot ล่าสุดและความได้เปรียบเจ้าบ้าน
06/02/2027 15:00,Everton,Newcastle United,44.82,29.56,25.62,1.2,0.89,1-0,14.84,1-1,13.21,0-0,12.37,Everton มีภาษีดีกว่าจาก snapshot ล่าสุดและความได้เปรียบเจ้าบ้าน
06/02/2027 15:00,Fulham,Manchester City,33.84,28.51,37.65,1.11,1.17,1-1,13.28,0-1,11.97,1-0,11.35,Manchester City มีโอกาสบุกชนะได้จากคุณภาพทีมและเกมรุกที่เหนือกว่า
06/02/2027 15:00,Ipswich Town,Tottenham Hotspur,11.59,28.8,59.61,0.59,1.32,0-1,19.55,0-0,14.81,0-2,12.9,Tottenham Hotspur มีโอกาสบุกชนะได้จากคุณภาพทีมและเกมรุกที่เหนือกว่า
06/02/2027 15:00,Leeds United,AFC Bournemouth,36.34,31.63,32.04,0.96,0.96,0-0,14.66,0-1,14.07,1-0,14.07,Leeds United มีภาษีดีกว่าจาก snapshot ล่าสุดและความได้เปรียบเจ้าบ้าน
06/02/2027 15:00,Manchester United,Chelsea,47.5,24.33,28.16,1.63,1.29,1-1,11.34,2-1,9.24,1-0,8.79,Manchester United มีภาษีดีกว่าจาก snapshot ล่าสุดและความได้เปรียบเจ้าบ้าน
06/02/2027 15:00,Nottingham Forest,Brentford,26.87,30.93,42.2,0.84,1.11,0-1,15.79,0-0,14.23,1-1,13.27,Brentford มีโอกาสบุกชนะได้จากคุณภาพทีมและเกมรุกที่เหนือกว่า
06/02/2027 15:00,Sunderland,Aston Villa,16.79,31.44,51.77,0.6,1.16,0-1,19.96,0-0,17.2,1-1,11.97,Aston Villa มีโอกาสบุกชนะได้จากคุณภาพทีมและเกมรุกที่เหนือกว่า
10/02/2027 20:00,Aston Villa,AFC Bournemouth,38.4,31.68,29.92,1,0.91,0-0,14.81,1-0,14.81,0-1,13.48,Aston Villa มีภาษีดีกว่าจาก snapshot ล่าสุดและความได้เปรียบเจ้าบ้าน
10/02/2027 20:00,Coventry City,Liverpool,3.99,23.01,73,0.46,1.66,0-1,19.93,0-2,16.54,0-0,12,Liverpool มีโอกาสบุกชนะได้จากคุณภาพทีมและเกมรุกที่เหนือกว่า
10/02/2027 20:00,Crystal Palace,Brentford,35.32,31.93,32.75,0.94,0.95,0-0,15.11,0-1,14.35,1-0,14.2,Crystal Palace มีภาษีดีกว่าจาก snapshot ล่าสุดและความได้เปรียบเจ้าบ้าน
10/02/2027 20:00,Everton,Leeds United,39.63,29.37,31,1.15,1.01,1-1,13.4,1-0,13.26,0-1,11.65,Everton มีภาษีดีกว่าจาก snapshot ล่าสุดและความได้เปรียบเจ้าบ้าน
10/02/2027 20:00,Fulham,Nottingham Forest,59.31,27.85,12.84,1.38,0.6,1-0,19.05,0-0,13.81,2-0,13.15,Fulham มีภาษีดีกว่าจาก snapshot ล่าสุดและความได้เปรียบเจ้าบ้าน
10/02/2027 20:00,Hull City,Sunderland,28.24,37.69,34.06,0.65,0.78,0-0,23.93,0-1,18.67,1-0,15.56,คู่นี้ค่อนข้างสูสีและมีโอกาสเสมอสูง
10/02/2027 20:00,Ipswich Town,Arsenal,16.97,28.82,54.21,0.7,1.31,0-1,17.55,0-0,13.4,1-1,12.29,Arsenal มีโอกาสบุกชนะได้จากคุณภาพทีมและเกมรุกที่เหนือกว่า
10/02/2027 20:00,Manchester United,Brighton,72.61,20.44,6.96,1.99,0.75,1-0,12.85,2-0,12.79,1-1,9.64,Manchester United มีภาษีดีกว่าจาก snapshot ล่าสุดและความได้เปรียบเจ้าบ้าน
10/02/2027 20:00,Newcastle United,Chelsea,20.41,26.27,53.32,0.89,1.49,0-1,13.79,1-1,12.27,0-2,10.27,Chelsea มีโอกาสบุกชนะได้จากคุณภาพทีมและเกมรุกที่เหนือกว่า
10/02/2027 20:00,Tottenham Hotspur,Manchester City,55.5,25.05,19.45,1.6,0.98,1-0,12.12,1-1,11.88,2-0,9.7,Tottenham Hotspur มีภาษีดีกว่าจาก snapshot ล่าสุดและความได้เปรียบเจ้าบ้าน
20/02/2027 15:00,AFC Bournemouth,Crystal Palace,32.46,32.65,34.89,0.88,0.94,0-0,16.2,0-1,15.23,1-0,14.26,Crystal Palace มีโอกาสบุกชนะได้จากคุณภาพทีมและเกมรุกที่เหนือกว่า
20/02/2027 15:00,Arsenal,Fulham,49.44,27.25,23.31,1.38,0.98,1-0,13.03,1-1,12.77,0-0,9.44,Arsenal มีภาษีดีกว่าจาก snapshot ล่าสุดและความได้เปรียบเจ้าบ้าน
20/02/2027 15:00,Brentford,Coventry City,53.87,29.49,16.64,1.27,0.66,1-0,18.43,0-0,14.51,1-1,12.17,Brentford มีภาษีดีกว่าจาก snapshot ล่าสุดและความได้เปรียบเจ้าบ้าน
20/02/2027 15:00,Brighton,Tottenham Hotspur,15.7,27.51,56.8,0.75,1.4,0-1,16.31,1-1,12.23,0-0,11.65,Tottenham Hotspur มีโอกาสบุกชนะได้จากคุณภาพทีมและเกมรุกที่เหนือกว่า
20/02/2027 15:00,Chelsea,Ipswich Town,61.94,25.94,12.12,1.52,0.74,1-0,15.86,2-0,12.05,1-1,11.74,Chelsea มีภาษีดีกว่าจาก snapshot ล่าสุดและความได้เปรียบเจ้าบ้าน
20/02/2027 15:00,Leeds United,Aston Villa,39.07,30.26,30.67,1.08,0.98,1-0,13.77,1-1,13.49,0-0,12.75,Leeds United มีภาษีดีกว่าจาก snapshot ล่าสุดและความได้เปรียบเจ้าบ้าน
20/02/2027 15:00,Liverpool,Hull City,83.75,12.59,3.67,2.23,0.25,2-0,20.82,1-0,18.67,3-0,15.48,Liverpool มีภาษีดีกว่าจาก snapshot ล่าสุดและความได้เปรียบเจ้าบ้าน
20/02/2027 15:00,Manchester City,Newcastle United,62.63,23.65,13.71,1.72,0.82,1-0,13.57,2-0,11.67,1-1,11.12,Manchester City มีภาษีดีกว่าจาก snapshot ล่าสุดและความได้เปรียบเจ้าบ้าน
20/02/2027 15:00,Nottingham Forest,Manchester United,11.02,25.26,63.72,0.64,1.56,0-1,17.29,0-2,13.48,0-0,11.08,Manchester United มีโอกาสบุกชนะได้จากคุณภาพทีมและเกมรุกที่เหนือกว่า
20/02/2027 15:00,Sunderland,Everton,14.55,31.3,54.15,0.53,1.18,0-1,21.34,0-0,18.09,0-2,12.59,Everton มีโอกาสบุกชนะได้จากคุณภาพทีมและเกมรุกที่เหนือกว่า
27/02/2027 15:00,Aston Villa,Chelsea,29.84,28,42.16,1.07,1.26,1-1,13.12,0-1,12.26,1-0,10.41,Chelsea มีโอกาสบุกชนะได้จากคุณภาพทีมและเกมรุกที่เหนือกว่า
27/02/2027 15:00,Coventry City,AFC Bournemouth,26.22,32.35,41.43,0.75,1.05,0-1,17.36,0-0,16.53,1-1,13.02,AFC Bournemouth มีโอกาสบุกชนะได้จากคุณภาพทีมและเกมรุกที่เหนือกว่า
27/02/2027 15:00,Crystal Palace,Sunderland,57.96,31.14,10.9,1.19,0.52,1-0,21.52,0-0,18.09,2-0,12.81,Crystal Palace มีภาษีดีกว่าจาก snapshot ล่าสุดและความได้เปรียบเจ้าบ้าน
27/02/2027 15:00,Everton,Nottingham Forest,45.62,29.85,24.54,1.18,0.88,1-0,15.04,1-1,13.23,0-0,12.75,Everton มีภาษีดีกว่าจาก snapshot ล่าสุดและความได้เปรียบเจ้าบ้าน
27/02/2027 15:00,Fulham,Leeds United,45.72,29.64,24.64,1.21,0.85,1-0,15.42,1-1,13.11,0-0,12.75,Fulham มีภาษีดีกว่าจาก snapshot ล่าสุดและความได้เปรียบเจ้าบ้าน
27/02/2027 15:00,Hull City,Manchester City,7.05,27.14,65.81,0.45,1.41,0-1,21.95,0-0,15.57,0-2,15.47,Manchester City มีโอกาสบุกชนะได้จากคุณภาพทีมและเกมรุกที่เหนือกว่า
27/02/2027 15:00,Ipswich Town,Brighton,31.18,33.88,34.94,0.81,0.9,0-0,18.09,0-1,16.28,1-0,14.65,Brighton มีโอกาสบุกชนะได้จากคุณภาพทีมและเกมรุกที่เหนือกว่า
27/02/2027 15:00,Manchester United,Arsenal,58.71,22.12,19.17,1.93,1.12,1-1,10.24,2-1,9.88,1-0,9.14,Manchester United มีภาษีดีกว่าจาก snapshot ล่าสุดและความได้เปรียบเจ้าบ้าน
27/02/2027 15:00,Newcastle United,Brentford,38.34,29.02,32.64,1.15,1.06,1-1,13.37,1-0,12.62,0-1,11.63,Newcastle United มีภาษีดีกว่าจาก snapshot ล่าสุดและความได้เปรียบเจ้าบ้าน
27/02/2027 15:00,Tottenham Hotspur,Liverpool,34.22,27.19,38.59,1.2,1.27,1-1,12.89,0-1,10.74,1-0,10.15,Liverpool มีโอกาสบุกชนะได้จากคุณภาพทีมและเกมรุกที่เหนือกว่า
03/03/2027 20:00,AFC Bournemouth,Tottenham Hotspur,20.17,28.62,51.21,0.83,1.3,0-1,15.45,1-1,12.82,0-0,11.88,Tottenham Hotspur มีโอกาสบุกชนะได้จากคุณภาพทีมและเกมรุกที่เหนือกว่า
03/03/2027 20:00,Arsenal,Crystal Palace,57.07,24.85,18.08,1.62,0.92,1-0,12.78,1-1,11.75,2-0,10.35,Arsenal มีภาษีดีกว่าจาก snapshot ล่าสุดและความได้เปรียบเจ้าบ้าน
03/03/2027 20:00,Brentford,Ipswich Town,62.75,27.58,9.67,1.39,0.49,1-0,21.21,0-0,15.26,2-0,14.74,Brentford มีภาษีดีกว่าจาก snapshot ล่าสุดและความได้เปรียบเจ้าบ้าน
03/03/2027 20:00,Brighton,Fulham,23.67,33.32,43.01,0.68,1.02,0-1,18.63,0-0,18.27,1-1,12.67,Fulham มีโอกาสบุกชนะได้จากคุณภาพทีมและเกมรุกที่เหนือกว่า
03/03/2027 20:00,Chelsea,Coventry City,68.33,23.19,8.48,1.72,0.66,1-0,15.92,2-0,13.69,1-1,10.51,Chelsea มีภาษีดีกว่าจาก snapshot ล่าสุดและความได้เปรียบเจ้าบ้าน
03/03/2027 20:00,Leeds United,Hull City,62.14,28.99,8.87,1.31,0.51,1-0,21.23,0-0,16.2,2-0,13.9,Leeds United มีภาษีดีกว่าจาก snapshot ล่าสุดและความได้เปรียบเจ้าบ้าน
03/03/2027 20:00,Liverpool,Aston Villa,77.78,18.26,3.96,2.1,0.63,2-0,14.38,1-0,13.7,3-0,10.07,Liverpool มีภาษีดีกว่าจาก snapshot ล่าสุดและความได้เปรียบเจ้าบ้าน
03/03/2027 20:00,Manchester City,Everton,58.08,24.85,17.08,1.62,0.89,1-0,13.17,1-1,11.72,2-0,10.66,Manchester City มีภาษีดีกว่าจาก snapshot ล่าสุดและความได้เปรียบเจ้าบ้าน
03/03/2027 20:00,Nottingham Forest,Newcastle United,28.27,31.96,39.77,0.82,1.04,0-1,16.19,0-0,15.57,1-1,13.28,Newcastle United มีโอกาสบุกชนะได้จากคุณภาพทีมและเกมรุกที่เหนือกว่า
03/03/2027 20:00,Sunderland,Manchester United,3.93,21.96,74.11,0.39,1.68,0-1,21.2,0-2,17.81,0-0,12.62,Manchester United มีโอกาสบุกชนะได้จากคุณภาพทีมและเกมรุกที่เหนือกว่า
13/03/2027 15:00,AFC Bournemouth,Newcastle United,47.91,30.79,21.3,1.17,0.72,1-0,17.68,0-0,15.11,1-1,12.73,AFC Bournemouth มีภาษีดีกว่าจาก snapshot ล่าสุดและความได้เปรียบเจ้าบ้าน
13/03/2027 15:00,Aston Villa,Hull City,66.45,27.45,6.1,1.39,0.43,1-0,22.52,0-0,16.2,2-0,15.65,Aston Villa มีภาษีดีกว่าจาก snapshot ล่าสุดและความได้เปรียบเจ้าบ้าน
13/03/2027 15:00,Chelsea,Arsenal,49.61,24.18,26.21,1.67,1.22,1-1,11.32,2-1,9.45,1-0,9.28,Chelsea มีภาษีดีกว่าจาก snapshot ล่าสุดและความได้เปรียบเจ้าบ้าน
13/03/2027 15:00,Coventry City,Manchester City,29.26,28.53,42.21,1.04,1.22,1-1,13.24,0-1,12.73,1-0,10.85,Manchester City มีโอกาสบุกชนะได้จากคุณภาพทีมและเกมรุกที่เหนือกว่า
13/03/2027 15:00,Crystal Palace,Fulham,34.67,34.55,30.79,0.84,0.82,0-0,19.01,1-0,15.97,0-1,15.59,Crystal Palace มีภาษีดีกว่าจาก snapshot ล่าสุดและความได้เปรียบเจ้าบ้าน
13/03/2027 15:00,Leeds United,Brighton,45.29,29.4,25.31,1.2,0.92,1-0,14.4,1-1,13.25,0-0,12,Leeds United มีภาษีดีกว่าจาก snapshot ล่าสุดและความได้เปรียบเจ้าบ้าน
13/03/2027 15:00,Liverpool,Ipswich Town,78.81,17.39,3.8,2.01,0.46,2-0,17.09,1-0,17,3-0,11.45,Liverpool มีภาษีดีกว่าจาก snapshot ล่าสุดและความได้เปรียบเจ้าบ้าน
13/03/2027 15:00,Manchester United,Everton,70.2,21.26,8.54,1.91,0.74,1-0,13.49,2-0,12.89,1-1,9.99,Manchester United มีภาษีดีกว่าจาก snapshot ล่าสุดและความได้เปรียบเจ้าบ้าน
13/03/2027 15:00,Sunderland,Brentford,15.09,30.3,54.61,0.58,1.23,0-1,20.13,0-0,16.37,0-2,12.38,Brentford มีโอกาสบุกชนะได้จากคุณภาพทีมและเกมรุกที่เหนือกว่า
13/03/2027 15:00,Tottenham Hotspur,Nottingham Forest,69.41,24.35,6.25,1.62,0.61,1-0,17.42,2-0,14.11,0-0,10.75,Tottenham Hotspur มีภาษีดีกว่าจาก snapshot ล่าสุดและความได้เปรียบเจ้าบ้าน
20/03/2027 15:00,Arsenal,Sunderland,75.46,20.56,3.98,1.88,0.57,1-0,16.22,2-0,15.25,3-0,9.56,Arsenal มีภาษีดีกว่าจาก snapshot ล่าสุดและความได้เปรียบเจ้าบ้าน
20/03/2027 15:00,Brentford,AFC Bournemouth,52.61,29.11,18.28,1.29,0.7,1-0,17.63,0-0,13.67,1-1,12.34,Brentford มีภาษีดีกว่าจาก snapshot ล่าสุดและความได้เปรียบเจ้าบ้าน
20/03/2027 15:00,Brighton,Coventry City,38.83,33.32,27.85,0.95,0.8,0-0,17.38,1-0,16.51,0-1,13.9,Brighton มีภาษีดีกว่าจาก snapshot ล่าสุดและความได้เปรียบเจ้าบ้าน
20/03/2027 15:00,Everton,Tottenham Hotspur,23.33,27.25,49.42,0.98,1.38,0-1,13.03,1-1,12.77,0-0,9.44,Tottenham Hotspur มีโอกาสบุกชนะได้จากคุณภาพทีมและเกมรุกที่เหนือกว่า
20/03/2027 15:00,Fulham,Liverpool,17.36,27.68,54.96,0.81,1.38,0-1,15.44,1-1,12.51,0-0,11.19,Liverpool มีโอกาสบุกชนะได้จากคุณภาพทีมและเกมรุกที่เหนือกว่า
20/03/2027 15:00,Hull City,Chelsea,3.94,24.65,71.41,0.33,1.5,0-1,24.06,0-2,18.05,0-0,16.04,Chelsea มีโอกาสบุกชนะได้จากคุณภาพทีมและเกมรุกที่เหนือกว่า
20/03/2027 15:00,Ipswich Town,Crystal Palace,17.41,33.76,48.83,0.53,1.05,0-1,21.63,0-0,20.6,1-1,11.46,Crystal Palace มีโอกาสบุกชนะได้จากคุณภาพทีมและเกมรุกที่เหนือกว่า
20/03/2027 15:00,Manchester City,Manchester United,38.74,24.94,36.31,1.47,1.4,1-1,11.67,2-1,8.58,1-0,8.33,Manchester City มีภาษีดีกว่าจาก snapshot ล่าสุดและความได้เปรียบเจ้าบ้าน
20/03/2027 15:00,Newcastle United,Leeds United,36.55,29.22,34.23,1.11,1.08,1-1,13.42,1-0,12.42,0-1,12.09,Newcastle United มีภาษีดีกว่าจาก snapshot ล่าสุดและความได้เปรียบเจ้าบ้าน
20/03/2027 15:00,Nottingham Forest,Aston Villa,27.1,31.57,41.32,0.82,1.07,0-1,16.16,0-0,15.11,1-1,13.26,Aston Villa มีโอกาสบุกชนะได้จากคุณภาพทีมและเกมรุกที่เหนือกว่า
10/04/2027 15:00,AFC Bournemouth,Manchester City,24.23,28.84,46.93,0.87,1.27,0-1,14.94,1-1,13,0-0,11.77,Manchester City มีโอกาสบุกชนะได้จากคุณภาพทีมและเกมรุกที่เหนือกว่า
10/04/2027 15:00,Aston Villa,Brighton,49.27,28.83,21.9,1.28,0.84,1-0,15.36,1-1,12.91,0-0,12,Aston Villa มีภาษีดีกว่าจาก snapshot ล่าสุดและความได้เปรียบเจ้าบ้าน
10/04/2027 15:00,Chelsea,Fulham,57.35,25.97,16.68,1.52,0.83,1-0,14.5,1-1,12.03,2-0,11.02,Chelsea มีภาษีดีกว่าจาก snapshot ล่าสุดและความได้เปรียบเจ้าบ้าน
10/04/2027 15:00,Coventry City,Arsenal,21.83,27.26,50.91,0.9,1.4,0-1,14.04,1-1,12.63,0-0,10.03,Arsenal มีโอกาสบุกชนะได้จากคุณภาพทีมและเกมรุกที่เหนือกว่า
10/04/2027 15:00,Crystal Palace,Everton,35.35,33.11,31.54,0.89,0.89,0-0,16.86,0-1,15.01,1-0,15.01,Crystal Palace มีภาษีดีกว่าจาก snapshot ล่าสุดและความได้เปรียบเจ้าบ้าน
10/04/2027 15:00,Leeds United,Nottingham Forest,44.65,30.43,24.92,1.13,0.88,1-0,15.14,0-0,13.4,1-1,13.32,Leeds United มีภาษีดีกว่าจาก snapshot ล่าสุดและความได้เปรียบเจ้าบ้าน
10/04/2027 15:00,Liverpool,Newcastle United,79.58,16.56,3.87,2.17,0.55,2-0,15.51,1-0,14.29,3-0,11.22,Liverpool มีภาษีดีกว่าจาก snapshot ล่าสุดและความได้เปรียบเจ้าบ้าน
10/04/2027 15:00,Manchester United,Hull City,81.26,15.02,3.72,2.1,0.34,2-0,19.22,1-0,18.3,3-0,13.45,Manchester United มีภาษีดีกว่าจาก snapshot ล่าสุดและความได้เปรียบเจ้าบ้าน
10/04/2027 15:00,Sunderland,Ipswich Town,21.43,35.52,43.05,0.58,0.94,0-0,21.87,0-1,20.56,1-0,12.69,Ipswich Town มีโอกาสบุกชนะได้จากคุณภาพทีมและเกมรุกที่เหนือกว่า
10/04/2027 15:00,Tottenham Hotspur,Brentford,59.93,25.97,14.1,1.52,0.8,1-0,14.94,1-1,11.95,2-0,11.35,Tottenham Hotspur มีภาษีดีกว่าจาก snapshot ล่าสุดและความได้เปรียบเจ้าบ้าน
17/04/2027 15:00,Arsenal,Aston Villa,59.63,24.1,16.27,1.69,0.9,1-0,12.68,1-1,11.41,2-0,10.71,Arsenal มีภาษีดีกว่าจาก snapshot ล่าสุดและความได้เปรียบเจ้าบ้าน
17/04/2027 15:00,Brentford,Leeds United,44.37,29.23,26.4,1.22,0.91,1-0,14.5,1-1,13.19,0-0,11.88,Brentford มีภาษีดีกว่าจาก snapshot ล่าสุดและความได้เปรียบเจ้าบ้าน
17/04/2027 15:00,Brighton,Chelsea,22.79,28.42,48.79,0.89,1.3,0-1,14.55,1-1,12.95,0-0,11.19,Chelsea มีโอกาสบุกชนะได้จากคุณภาพทีมและเกมรุกที่เหนือกว่า
17/04/2027 15:00,Everton,AFC Bournemouth,33.9,31.2,34.9,0.94,1.02,0-1,14.37,0-0,14.09,1-1,13.51,AFC Bournemouth มีโอกาสบุกชนะได้จากคุณภาพทีมและเกมรุกที่เหนือกว่า
17/04/2027 15:00,Fulham,Sunderland,66.32,27,6.68,1.42,0.46,1-0,21.67,2-0,15.38,0-0,15.26,Fulham มีภาษีดีกว่าจาก snapshot ล่าสุดและความได้เปรียบเจ้าบ้าน
17/04/2027 15:00,Hull City,Coventry City,21.44,37.18,41.38,0.57,0.86,0-0,23.93,0-1,20.58,1-0,13.64,Coventry City มีโอกาสบุกชนะได้จากคุณภาพทีมและเกมรุกที่เหนือกว่า
17/04/2027 15:00,Ipswich Town,Manchester United,12.16,27.85,59.99,0.61,1.38,0-1,18.86,0-0,13.67,0-2,13.02,Manchester United มีโอกาสบุกชนะได้จากคุณภาพทีมและเกมรุกที่เหนือกว่า
17/04/2027 15:00,Manchester City,Crystal Palace,55.74,25.28,18.99,1.58,0.92,1-0,12.97,1-1,11.93,2-0,10.25,Manchester City มีภาษีดีกว่าจาก snapshot ล่าสุดและความได้เปรียบเจ้าบ้าน
17/04/2027 15:00,Newcastle United,Tottenham Hotspur,20.46,26.65,52.89,0.93,1.45,0-1,13.42,1-1,12.48,0-2,9.73,Tottenham Hotspur มีโอกาสบุกชนะได้จากคุณภาพทีมและเกมรุกที่เหนือกว่า
17/04/2027 15:00,Nottingham Forest,Liverpool,5.24,24.6,70.16,0.52,1.58,0-1,19.35,0-2,15.29,0-0,12.25,Liverpool มีโอกาสบุกชนะได้จากคุณภาพทีมและเกมรุกที่เหนือกว่า
24/04/2027 15:00,AFC Bournemouth,Arsenal,25.72,28.44,45.84,0.94,1.28,0-1,13.9,1-1,13.07,0-0,10.86,Arsenal มีโอกาสบุกชนะได้จากคุณภาพทีมและเกมรุกที่เหนือกว่า
24/04/2027 15:00,Aston Villa,Coventry City,48.57,30.88,20.55,1.16,0.73,1-0,17.52,0-0,15.11,1-1,12.79,Aston Villa มีภาษีดีกว่าจาก snapshot ล่าสุดและความได้เปรียบเจ้าบ้าน
24/04/2027 15:00,Brentford,Fulham,40.35,31.72,27.92,1.04,0.85,1-0,15.71,0-0,15.11,1-1,13.35,Brentford มีภาษีดีกว่าจาก snapshot ล่าสุดและความได้เปรียบเจ้าบ้าน
24/04/2027 15:00,Chelsea,Manchester City,51.54,24.27,24.18,1.67,1.15,1-1,11.45,1-0,9.95,2-1,9.56,Chelsea มีภาษีดีกว่าจาก snapshot ล่าสุดและความได้เปรียบเจ้าบ้าน
24/04/2027 15:00,Everton,Brighton,48.08,28.53,23.39,1.29,0.89,1-0,14.58,1-1,12.98,0-0,11.3,Everton มีภาษีดีกว่าจาก snapshot ล่าสุดและความได้เปรียบเจ้าบ้าน
24/04/2027 15:00,Leeds United,Liverpool,11.14,25.19,63.68,0.67,1.57,0-1,16.71,0-2,13.12,1-1,11.2,Liverpool มีโอกาสบุกชนะได้จากคุณภาพทีมและเกมรุกที่เหนือกว่า
24/04/2027 15:00,Manchester United,Crystal Palace,63.24,23.29,13.46,1.76,0.86,1-0,12.81,2-0,11.28,1-1,11.02,Manchester United มีภาษีดีกว่าจาก snapshot ล่าสุดและความได้เปรียบเจ้าบ้าน
24/04/2027 15:00,Newcastle United,Ipswich Town,48.96,30.55,20.49,1.18,0.74,1-0,17.3,0-0,14.66,1-1,12.8,Newcastle United มีภาษีดีกว่าจาก snapshot ล่าสุดและความได้เปรียบเจ้าบ้าน
24/04/2027 15:00,Nottingham Forest,Sunderland,44.11,33.01,22.88,1.01,0.74,1-0,17.55,0-0,17.38,1-1,12.99,Nottingham Forest มีภาษีดีกว่าจาก snapshot ล่าสุดและความได้เปรียบเจ้าบ้าน
24/04/2027 15:00,Tottenham Hotspur,Hull City,77.72,18.56,3.71,1.77,0.27,1-0,23.02,2-0,20.37,0-0,13,Tottenham Hotspur มีภาษีดีกว่าจาก snapshot ล่าสุดและความได้เปรียบเจ้าบ้าน
01/05/2027 15:00,Arsenal,Tottenham Hotspur,35.93,25.26,38.81,1.39,1.42,1-1,11.88,0-1,8.55,1-2,8.44,Tottenham Hotspur มีโอกาสบุกชนะได้จากคุณภาพทีมและเกมรุกที่เหนือกว่า
01/05/2027 15:00,Brighton,Nottingham Forest,40.94,31.93,27.13,1.03,0.84,1-0,15.87,0-0,15.41,1-1,13.33,Brighton มีภาษีดีกว่าจาก snapshot ล่าสุดและความได้เปรียบเจ้าบ้าน
01/05/2027 15:00,Coventry City,Manchester United,11.63,24.9,63.47,0.66,1.59,0-1,16.76,0-2,13.32,1-1,11.06,Manchester United มีโอกาสบุกชนะได้จากคุณภาพทีมและเกมรุกที่เหนือกว่า
01/05/2027 15:00,Crystal Palace,Aston Villa,39.29,32.34,28.37,0.99,0.85,0-0,15.88,1-0,15.72,0-1,13.5,Crystal Palace มีภาษีดีกว่าจาก snapshot ล่าสุดและความได้เปรียบเจ้าบ้าน
01/05/2027 15:00,Fulham,Everton,45.76,30.47,23.77,1.16,0.81,1-0,16.18,0-0,13.95,1-1,13.1,Fulham มีภาษีดีกว่าจาก snapshot ล่าสุดและความได้เปรียบเจ้าบ้าน
01/05/2027 15:00,Hull City,AFC Bournemouth,12.3,34.58,53.12,0.41,1.04,0-1,24.4,0-0,23.46,0-2,12.69,AFC Bournemouth มีโอกาสบุกชนะได้จากคุณภาพทีมและเกมรุกที่เหนือกว่า
01/05/2027 15:00,Ipswich Town,Leeds United,25.55,33.69,40.77,0.73,0.97,0-0,18.27,0-1,17.72,1-0,13.34,Leeds United มีโอกาสบุกชนะได้จากคุณภาพทีมและเกมรุกที่เหนือกว่า
01/05/2027 15:00,Liverpool,Chelsea,62.7,21.92,15.38,1.94,1.05,1-1,10.24,2-1,9.94,1-0,9.76,Liverpool มีภาษีดีกว่าจาก snapshot ล่าสุดและความได้เปรียบเจ้าบ้าน
01/05/2027 15:00,Manchester City,Brentford,54.51,25.04,20.46,1.6,1,1-0,11.88,1-1,11.88,2-0,9.51,Manchester City มีภาษีดีกว่าจาก snapshot ล่าสุดและความได้เปรียบเจ้าบ้าน
01/05/2027 15:00,Sunderland,Newcastle United,22.66,32.63,44.71,0.71,1.05,0-1,18.06,0-0,17.2,1-1,12.83,Newcastle United มีโอกาสบุกชนะได้จากคุณภาพทีมและเกมรุกที่เหนือกว่า
08/05/2027 15:00,AFC Bournemouth,Manchester United,20.53,27.84,51.63,0.85,1.36,0-1,14.92,1-1,12.68,0-0,10.97,Manchester United มีโอกาสบุกชนะได้จากคุณภาพทีมและเกมรุกที่เหนือกว่า
08/05/2027 15:00,Brentford,Aston Villa,46.44,29.4,24.16,1.23,0.85,1-0,15.37,1-1,13.06,0-0,12.49,Brentford มีภาษีดีกว่าจาก snapshot ล่าสุดและความได้เปรียบเจ้าบ้าน
08/05/2027 15:00,Brighton,Sunderland,56.15,30.32,13.53,1.23,0.57,1-0,20.33,0-0,16.53,2-0,12.5,Brighton มีภาษีดีกว่าจาก snapshot ล่าสุดและความได้เปรียบเจ้าบ้าน
08/05/2027 15:00,Everton,Hull City,65.01,27.39,7.61,1.4,0.48,1-0,21.36,0-0,15.26,2-0,14.95,Everton มีภาษีดีกว่าจาก snapshot ล่าสุดและความได้เปรียบเจ้าบ้าน
08/05/2027 15:00,Fulham,Ipswich Town,49.4,32.38,18.22,1.09,0.65,1-0,19.13,0-0,17.55,1-1,12.44,Fulham มีภาษีดีกว่าจาก snapshot ล่าสุดและความได้เปรียบเจ้าบ้าน
08/05/2027 15:00,Leeds United,Arsenal,29.1,27.3,43.6,1.07,1.34,1-1,12.88,0-1,12.04,1-0,9.61,Arsenal มีโอกาสบุกชนะได้จากคุณภาพทีมและเกมรุกที่เหนือกว่า
08/05/2027 15:00,Manchester City,Liverpool,24.32,25.05,50.63,1.13,1.58,1-1,11.88,0-1,10.51,1-2,9.38,Liverpool มีโอกาสบุกชนะได้จากคุณภาพทีมและเกมรุกที่เหนือกว่า
08/05/2027 15:00,Newcastle United,Coventry City,52.96,28.8,18.24,1.31,0.71,1-0,17.38,0-0,13.27,1-1,12.34,Newcastle United มีภาษีดีกว่าจาก snapshot ล่าสุดและความได้เปรียบเจ้าบ้าน
08/05/2027 15:00,Nottingham Forest,Crystal Palace,29.37,32.13,38.5,0.86,1,0-0,15.57,0-1,15.57,1-0,13.39,Crystal Palace มีโอกาสบุกชนะได้จากคุณภาพทีมและเกมรุกที่เหนือกว่า
08/05/2027 15:00,Tottenham Hotspur,Chelsea,51.24,25.75,23.02,1.52,1.04,1-1,12.22,1-0,11.75,2-1,9.29,Tottenham Hotspur มีภาษีดีกว่าจาก snapshot ล่าสุดและความได้เปรียบเจ้าบ้าน
15/05/2027 15:00,Arsenal,Nottingham Forest,65.1,23.38,11.52,1.74,0.8,1-0,13.72,2-0,11.94,1-1,10.98,Arsenal มีภาษีดีกว่าจาก snapshot ล่าสุดและความได้เปรียบเจ้าบ้าน
15/05/2027 15:00,Aston Villa,Newcastle United,35.65,30.94,33.4,0.98,1.01,0-1,13.81,0-0,13.67,1-1,13.53,Aston Villa มีภาษีดีกว่าจาก snapshot ล่าสุดและความได้เปรียบเจ้าบ้าน
15/05/2027 15:00,Chelsea,Everton,67,22.59,10.41,1.79,0.73,1-0,14.4,2-0,12.89,1-1,10.51,Chelsea มีภาษีดีกว่าจาก snapshot ล่าสุดและความได้เปรียบเจ้าบ้าน
15/05/2027 15:00,Coventry City,Tottenham Hotspur,13.62,26.58,59.8,0.71,1.47,0-1,16.62,0-2,12.21,1-1,11.8,Tottenham Hotspur มีโอกาสบุกชนะได้จากคุณภาพทีมและเกมรุกที่เหนือกว่า
15/05/2027 15:00,Crystal Palace,Brighton,49.8,30.45,19.75,1.19,0.73,1-0,17.45,0-0,14.66,1-1,12.74,Crystal Palace มีภาษีดีกว่าจาก snapshot ล่าสุดและความได้เปรียบเจ้าบ้าน
15/05/2027 15:00,Hull City,Fulham,14.77,36.23,49,0.47,0.95,0-0,24.17,0-1,22.96,1-0,11.36,Fulham มีโอกาสบุกชนะได้จากคุณภาพทีมและเกมรุกที่เหนือกว่า
15/05/2027 15:00,Ipswich Town,Manchester City,20,30.13,49.87,0.74,1.21,0-1,17.22,0-0,14.23,1-1,12.74,Manchester City มีโอกาสบุกชนะได้จากคุณภาพทีมและเกมรุกที่เหนือกว่า
15/05/2027 15:00,Liverpool,Brentford,71.29,21.23,7.49,1.94,0.81,1-0,12.4,2-0,12.03,1-1,10.05,Liverpool มีภาษีดีกว่าจาก snapshot ล่าสุดและความได้เปรียบเจ้าบ้าน
15/05/2027 15:00,Manchester United,Leeds United,63.65,22.75,13.6,1.82,0.9,1-0,11.99,2-0,10.91,1-1,10.79,Manchester United มีภาษีดีกว่าจาก snapshot ล่าสุดและความได้เปรียบเจ้าบ้าน
15/05/2027 15:00,Sunderland,AFC Bournemouth,12.14,31.69,56.17,0.44,1.17,0-1,23.39,0-0,19.99,0-2,13.68,AFC Bournemouth มีโอกาสบุกชนะได้จากคุณภาพทีมและเกมรุกที่เหนือกว่า
23/05/2027 15:00,AFC Bournemouth,Chelsea,29.34,29.18,41.49,1.01,1.17,1-1,13.36,0-1,13.23,1-0,11.42,Chelsea มีโอกาสบุกชนะได้จากคุณภาพทีมและเกมรุกที่เหนือกว่า
23/05/2027 15:00,Brentford,Hull City,69.9,25.88,4.23,1.47,0.39,1-0,22.88,2-0,16.82,0-0,15.57,Brentford มีภาษีดีกว่าจาก snapshot ล่าสุดและความได้เปรียบเจ้าบ้าน
23/05/2027 15:00,Brighton,Liverpool,4,23.71,72.29,0.46,1.62,0-1,20.24,0-2,16.39,0-0,12.49,Liverpool มีโอกาสบุกชนะได้จากคุณภาพทีมและเกมรุกที่เหนือกว่า
23/05/2027 15:00,Everton,Arsenal,31.57,27.12,41.31,1.16,1.31,1-1,12.85,0-1,11.08,1-0,9.81,Arsenal มีโอกาสบุกชนะได้จากคุณภาพทีมและเกมรุกที่เหนือกว่า
23/05/2027 15:00,Fulham,Coventry City,51.92,30.76,17.32,1.19,0.65,1-0,18.9,0-0,15.88,1-1,12.28,Fulham มีภาษีดีกว่าจาก snapshot ล่าสุดและความได้เปรียบเจ้าบ้าน
23/05/2027 15:00,Leeds United,Sunderland,62.33,27.83,9.83,1.38,0.56,1-0,19.83,0-0,14.37,2-0,13.68,Leeds United มีภาษีดีกว่าจาก snapshot ล่าสุดและความได้เปรียบเจ้าบ้าน
23/05/2027 15:00,Manchester City,Aston Villa,58.33,24.53,17.15,1.65,0.9,1-0,12.88,1-1,11.6,2-0,10.63,Manchester City มีภาษีดีกว่าจาก snapshot ล่าสุดและความได้เปรียบเจ้าบ้าน
23/05/2027 15:00,Newcastle United,Crystal Palace,39.3,29.76,30.93,1.13,0.98,1-0,13.7,1-1,13.43,0-0,12.12,Newcastle United มีภาษีดีกว่าจาก snapshot ล่าสุดและความได้เปรียบเจ้าบ้าน
23/05/2027 15:00,Nottingham Forest,Ipswich Town,42.42,33.79,23.78,0.98,0.7,0-0,18.64,1-0,18.26,0-1,13.05,Nottingham Forest มีภาษีดีกว่าจาก snapshot ล่าสุดและความได้เปรียบเจ้าบ้าน
23/05/2027 15:00,Tottenham Hotspur,Manchester United,45.05,26.15,28.8,1.43,1.17,1-1,12.43,1-0,10.62,2-1,8.89,Tottenham Hotspur มีภาษีดีกว่าจาก snapshot ล่าสุดและความได้เปรียบเจ้าบ้าน
30/05/2027 16:00,Arsenal,Brighton,65.17,22.71,12.12,1.81,0.84,1-0,12.79,2-0,11.57,1-1,10.74,Arsenal มีภาษีดีกว่าจาก snapshot ล่าสุดและความได้เปรียบเจ้าบ้าน
30/05/2027 16:00,Aston Villa,Tottenham Hotspur,20.94,27.39,51.67,0.89,1.39,0-1,14.22,1-1,12.65,0-0,10.23,Tottenham Hotspur มีโอกาสบุกชนะได้จากคุณภาพทีมและเกมรุกที่เหนือกว่า
30/05/2027 16:00,Chelsea,Brentford,54.06,25.41,20.53,1.56,1.01,1-1,12.06,1-0,11.94,2-1,9.41,Chelsea มีภาษีดีกว่าจาก snapshot ล่าสุดและความได้เปรียบเจ้าบ้าน
30/05/2027 16:00,Coventry City,Nottingham Forest,34.47,31.92,33.62,0.92,0.97,0-0,15.11,0-1,14.65,1-0,13.9,Coventry City มีภาษีดีกว่าจาก snapshot ล่าสุดและความได้เปรียบเจ้าบ้าน
30/05/2027 16:00,Crystal Palace,Leeds United,33.96,32.12,33.92,0.91,0.96,0-0,15.41,0-1,14.8,1-0,14.03,Crystal Palace มีภาษีดีกว่าจาก snapshot ล่าสุดและความได้เปรียบเจ้าบ้าน
30/05/2027 16:00,Hull City,Newcastle United,23.28,35.04,41.68,0.67,0.92,0-0,20.39,0-1,18.76,1-0,13.66,Newcastle United มีโอกาสบุกชนะได้จากคุณภาพทีมและเกมรุกที่เหนือกว่า
30/05/2027 16:00,Ipswich Town,Everton,28.52,34.82,36.66,0.75,0.88,0-0,19.59,0-1,17.24,1-0,14.69,Everton มีโอกาสบุกชนะได้จากคุณภาพทีมและเกมรุกที่เหนือกว่า
30/05/2027 16:00,Liverpool,AFC Bournemouth,74.9,20.93,4.18,1.91,0.67,1-0,14.47,2-0,13.82,1-1,9.7,Liverpool มีภาษีดีกว่าจาก snapshot ล่าสุดและความได้เปรียบเจ้าบ้าน
30/05/2027 16:00,Manchester United,Fulham,65.68,23.25,11.07,1.74,0.75,1-0,14.43,2-0,12.55,1-1,10.82,Manchester United มีภาษีดีกว่าจาก snapshot ล่าสุดและความได้เปรียบเจ้าบ้าน
30/05/2027 16:00,Sunderland,Manchester City,13.26,27.56,59.18,0.66,1.4,0-1,17.84,0-0,12.75,0-2,12.49,Manchester City มีโอกาสบุกชนะได้จากคุณภาพทีมและเกมรุกที่เหนือกว่า