fixture_date,home_team,away_team,home_win,draw,away_win,expected_home_goals,expected_away_goals,top_scores,confidence,prediction_basis_date,catboost_predicted_result,catboost_predicted_score,xgboost_predicted_result,xgboost_predicted_score,poisson_predicted_result,poisson_predicted_score,ensemble_predicted_score,predicted_result
2026-08-21,Arsenal,Coventry,0.6116065876153016,0.18205758944088038,0.20633582294381805,3.902010036927509,0.5268563416458878,"=""3-0""|=""4-0""|=""2-0""",0.6116065876153016,2026-08-21,H,"=""3-0""",H,"=""3-0""",H,"=""3-0""","=""3-0""",H
2026-08-22,Brentford,Spurs,0.5111712085755581,0.2221825357047346,0.2666462557197073,1.883921488916159,0.9158023503246839,"=""1-0""|=""2-0""|=""1-1""",0.5111712085755581,2026-08-22,H,"=""1-0""",H,"=""1-0""",H,"=""1-0""","=""1-0""",H
2026-08-22,Everton,Crystal Palace,0.47684440509089304,0.24756550868163216,0.2755900862274749,1.551856238962907,1.1307829657435045,"=""1-1""|=""1-0""|=""2-1""",0.47684440509089304,2026-08-22,H,"=""1-0""",H,"=""1-0""",H,"=""1-0""","=""1-0""",H
2026-08-22,Hull,Man Utd,0.3799923145145952,0.25960476050229897,0.3604029249831058,1.1825369394104306,1.2569725337468873,"=""1-1""|=""0-1""|=""1-0""",0.3799923145145952,2026-08-22,H,"=""1-0""",A,"=""0-1""",A,"=""0-1""","=""1-0""",H
2026-08-22,Ipswich,Sunderland,0.33996834549825194,0.23221183590515374,0.4278198185965942,1.1181908746752371,1.3551088237491107,"=""1-1""|=""0-1""|=""1-0""",0.4278198185965942,2026-08-22,A,"=""0-1""",A,"=""0-1""",A,"=""0-1""","=""0-1""",A
2026-08-22,Nott'm Forest,Leeds,0.45732066911097663,0.24941543669836305,0.2932638941906603,1.5088136871410274,1.1063909600783033,"=""1-1""|=""1-0""|=""2-1""",0.45732066911097663,2026-08-22,H,"=""1-0""",H,"=""1-0""",H,"=""1-0""","=""1-0""",H
2026-08-23,Brighton,Aston Villa,0.4550414535422104,0.2353138941017176,0.30964465235607197,1.3817823236968227,1.2400473962863274,"=""1-1""|=""1-0""|=""0-1""",0.4550414535422104,2026-08-23,H,"=""1-0""",H,"=""1-0""",H,"=""1-0""","=""1-0""",H
2026-08-23,Man City,Bournemouth,0.5850221066309438,0.20761487417451377,0.20736301919454236,2.135038763374692,0.8960799131197463,"=""2-0""|=""1-0""|=""2-1""",0.5850221066309438,2026-08-23,H,"=""2-0""",H,"=""2-0""",H,"=""2-0""","=""2-0""",H
2026-08-23,Newcastle,Liverpool,0.33349948969063065,0.21649305775141603,0.4500074525579532,1.2722310886104204,1.482314875086538,"=""1-1""|=""0-1""|=""1-2""",0.4500074525579532,2026-08-23,H,"=""1-0""",A,"=""0-1""",A,"=""0-1""","=""0-1""",A
2026-08-24,Fulham,Chelsea,0.39230071815560863,0.27648129606198635,0.331217985782405,1.3413691622961497,1.37397112811227,"=""1-1""|=""0-1""|=""1-0""",0.39230071815560863,2026-08-24,H,"=""1-0""",H,"=""1-0""",A,"=""0-1""","=""1-0""",H
2026-08-28,Crystal Palace,Man City,0.2591105733958354,0.23670484523755336,0.5041845813666112,1.0395112010713885,1.8495597587058785,"=""1-1""|=""0-1""|=""1-2""",0.5041845813666112,2026-08-28,A,"=""0-1""",A,"=""0-1""",A,"=""0-1""","=""0-1""",A
2026-08-29,Bournemouth,Everton,0.437446684728415,0.26605490299174245,0.2964984122798424,1.6800188115057988,1.076070179114898,"=""1-1""|=""1-0""|=""2-1""",0.437446684728415,2026-08-29,H,"=""1-0""",H,"=""1-0""",H,"=""1-0""","=""1-0""",H
2026-08-29,Coventry,Hull,0.41294460824801804,0.3136211696883807,0.27343422206360124,1.1792365958849098,1.1124308360102795,"=""1-1""|=""1-0""|=""0-1""",0.41294460824801804,2026-08-29,H,"=""1-0""",H,"=""1-0""",H,"=""1-0""","=""1-0""",H
2026-08-29,Liverpool,Nott'm Forest,0.5375729662919603,0.21356569389902008,0.24886133980901953,1.9969974107936024,0.8849115047685656,"=""1-0""|=""2-0""|=""1-1""",0.5375729662919603,2026-08-29,H,"=""1-0""",H,"=""1-0""",H,"=""1-0""","=""1-0""",H
2026-08-29,Spurs,Newcastle,0.3790233062473528,0.2450180716454012,0.3759586221072459,1.147380971161154,1.3671979480728482,"=""1-1""|=""0-1""|=""1-0""",0.3790233062473528,2026-08-29,A,"=""0-1""",H,"=""1-0""",A,"=""0-1""","=""1-0""",H
2026-08-30,Chelsea,Brighton,0.4453015481101115,0.2340111166565543,0.3206873352333341,1.6307631006989232,1.064510025215416,"=""1-1""|=""1-0""|=""2-1""",0.4453015481101115,2026-08-30,H,"=""1-0""",H,"=""1-0""",H,"=""1-0""","=""1-0""",H
2026-08-30,Leeds,Brentford,0.49399917785502473,0.2167436743267258,0.2892571478182494,1.399583397773788,1.2304829038495322,"=""1-1""|=""1-0""|=""0-1""",0.49399917785502473,2026-08-30,H,"=""1-0""",H,"=""1-0""",H,"=""1-0""","=""1-0""",H
2026-08-30,Man Utd,Ipswich,0.4681582831768927,0.2426652823346552,0.2891764344884521,1.5851267544125922,0.954000963518594,"=""1-0""|=""1-1""|=""2-0""",0.4681582831768927,2026-08-30,H,"=""1-0""",H,"=""1-0""",H,"=""1-0""","=""1-0""",H
2026-08-30,Sunderland,Fulham,0.4466470721649489,0.24352169756490413,0.30983123027014686,1.3273062287097233,1.215946469283251,"=""1-1""|=""1-0""|=""0-1""",0.4466470721649489,2026-08-30,H,"=""1-0""",H,"=""1-0""",H,"=""1-0""","=""1-0""",H
2026-08-31,Aston Villa,Arsenal,0.33522649223976925,0.2605063368611081,0.4042671708991227,1.1657698347121452,1.6464219290649846,"=""1-1""|=""0-1""|=""1-2""",0.4042671708991227,2026-08-31,A,"=""0-1""",A,"=""0-1""",A,"=""0-1""","=""0-1""",A
2026-09-04,Ipswich,Liverpool,0.28453710043924896,0.2033286433458023,0.5121342562149487,0.8686084198739987,2.0481975786180042,"=""0-2""|=""0-1""|=""1-2""",0.5121342562149487,2026-09-04,A,"=""0-2""",A,"=""0-2""",A,"=""0-2""","=""0-2""",A
2026-09-05,Brentford,Sunderland,0.4692722508947859,0.2485227484425882,0.2822050006626258,1.66667385025374,0.9885016866079886,"=""1-0""|=""1-1""|=""2-0""",0.4692722508947859,2026-09-05,H,"=""1-0""",H,"=""1-0""",H,"=""1-0""","=""1-0""",H
2026-09-05,Brighton,Leeds,0.4736655123196693,0.2558399117954879,0.2704945758848427,1.6389962537660607,1.0562496667189862,"=""1-1""|=""1-0""|=""2-1""",0.4736655123196693,2026-09-05,H,"=""1-0""",H,"=""1-0""",H,"=""1-0""","=""1-0""",H
2026-09-05,Fulham,Crystal Palace,0.4474506029677225,0.2545727711244806,0.2979766259077968,1.5266116579073008,1.122995261774495,"=""1-1""|=""1-0""|=""2-1""",0.4474506029677225,2026-09-05,H,"=""1-0""",H,"=""1-0""",H,"=""1-0""","=""1-0""",H
2026-09-05,Hull,Aston Villa,0.29232074052193874,0.24188287888407545,0.4657963805939857,0.8681056521031113,1.726324390205087,"=""0-1""|=""1-1""|=""0-2""",0.4657963805939857,2026-09-05,A,"=""0-1""",A,"=""0-1""",A,"=""0-1""","=""0-1""",A
2026-09-05,Man City,Coventry,0.6613065556324061,0.17453911036535458,0.16415433400223922,3.76867937382417,0.5663342735782518,"=""3-0""|=""4-0""|=""2-0""",0.6613065556324061,2026-09-05,H,"=""3-0""",H,"=""3-0""",H,"=""3-0""","=""3-0""",H
2026-09-05,Newcastle,Bournemouth,0.4540138234669763,0.2437967861033809,0.3021893904296428,1.4437638116465679,1.2016945964165877,"=""1-1""|=""1-0""|=""2-1""",0.4540138234669763,2026-09-05,H,"=""1-0""",H,"=""1-0""",H,"=""1-0""","=""1-0""",H
2026-09-05,Nott'm Forest,Spurs,0.48354738384106866,0.23521822340064122,0.28123439275829,1.7356084129935714,0.949196485557249,"=""1-0""|=""1-1""|=""2-0""",0.48354738384106866,2026-09-05,H,"=""1-0""",H,"=""1-0""",H,"=""1-0""","=""1-0""",H
2026-09-06,Arsenal,Chelsea,0.5847299489636362,0.21979347400139354,0.19547657703497026,2.1593637350013255,0.8824593559697756,"=""2-0""|=""1-0""|=""2-1""",0.5847299489636362,2026-09-06,H,"=""2-0""",H,"=""2-0""",H,"=""2-0""","=""2-0""",H
2026-09-06,Everton,Man Utd,0.4723827625060642,0.24735464105701865,0.2802625964369171,1.76487293581242,0.9661877955523771,"=""1-0""|=""1-1""|=""2-0""",0.4723827625060642,2026-09-06,H,"=""1-0""",H,"=""1-0""",H,"=""1-0""","=""1-0""",H
2026-09-12,Aston Villa,Nott'm Forest,0.47487733226184836,0.23790539080032352,0.2872172769378281,1.7527460807650015,1.0196333665156374,"=""1-1""|=""1-0""|=""2-1""",0.47487733226184836,2026-09-12,H,"=""1-0""",H,"=""1-0""",H,"=""1-0""","=""1-0""",H
2026-09-12,Bournemouth,Brentford,0.4774487498504942,0.2340045106960563,0.28854673945344955,1.6266614631782697,1.1281554112326633,"=""1-1""|=""1-0""|=""2-1""",0.4774487498504942,2026-09-12,H,"=""1-0""",H,"=""1-0""",H,"=""1-0""","=""1-0""",H
2026-09-12,Chelsea,Hull,0.5533415688096338,0.2334374515934978,0.21322097959686834,2.4116815434217522,0.7277062976210805,"=""2-0""|=""1-0""|=""3-0""",0.5533415688096338,2026-09-12,H,"=""2-0""",H,"=""2-0""",H,"=""2-0""","=""2-0""",H
2026-09-12,Crystal Palace,Ipswich,0.4699293906021808,0.26458307049266927,0.2654875389051499,1.9406454310751713,0.8998301415301792,"=""1-0""|=""2-0""|=""1-1""",0.4699293906021808,2026-09-12,H,"=""1-0""",H,"=""1-0""",H,"=""1-0""","=""1-0""",H
2026-09-12,Liverpool,Fulham,0.5378676431523923,0.24482580167083126,0.21730655517677644,1.9715214495725042,0.8820783550351794,"=""1-0""|=""2-0""|=""1-1""",0.5378676431523923,2026-09-12,H,"=""1-0""",H,"=""1-0""",H,"=""1-0""","=""1-0""",H
2026-09-12,Spurs,Everton,0.39396792855611645,0.236290448607292,0.36974162283659145,1.2042162056511918,1.3036910991907595,"=""1-1""|=""0-1""|=""1-0""",0.39396792855611645,2026-09-12,H,"=""1-0""",H,"=""1-0""",A,"=""0-1""","=""1-0""",H
2026-09-12,Sunderland,Arsenal,0.2784037647491492,0.2563465304531947,0.46524970479765604,0.8975599563309767,1.982010877908041,"=""0-1""|=""0-2""|=""1-1""",0.46524970479765604,2026-09-12,A,"=""0-1""",A,"=""0-1""",A,"=""0-1""","=""0-1""",A
2026-09-13,Coventry,Brighton,0.3364039892339968,0.24150415071484743,0.4220918600511558,0.8012632866581416,1.640473177100458,"=""0-1""|=""0-2""|=""1-1""",0.4220918600511558,2026-09-13,A,"=""0-1""",H,"=""1-0""",A,"=""0-1""","=""0-1""",A
2026-09-13,Man Utd,Man City,0.29337784230940717,0.2375330219805019,0.469089135710091,0.8604523182091879,2.003063885244227,"=""0-2""|=""0-1""|=""1-2""",0.469089135710091,2026-09-13,A,"=""0-2""",A,"=""0-2""",A,"=""0-2""","=""0-2""",A
2026-09-14,Leeds,Newcastle,0.40166975546372424,0.2514931699983878,0.346837074537888,1.3671269156940438,1.2147091849514207,"=""1-1""|=""1-0""|=""0-1""",0.40166975546372424,2026-09-14,H,"=""1-0""",H,"=""1-0""",H,"=""1-0""","=""1-0""",H
2026-09-18,Brentford,Chelsea,0.40986008392641565,0.2432970497364913,0.34684286633709305,1.4551991584050608,1.3121079603533552,"=""1-1""|=""1-0""|=""2-1""",0.40986008392641565,2026-09-18,A,"=""0-1""",H,"=""1-0""",H,"=""1-0""","=""1-0""",H
2026-09-19,Brighton,Arsenal,0.3452580250506166,0.23599400049715957,0.41874797445222395,1.066827456698715,1.7431848311979905,"=""1-1""|=""0-1""|=""1-2""",0.41874797445222395,2026-09-19,A,"=""0-1""",H,"=""1-0""",A,"=""0-1""","=""0-1""",A
2026-09-19,Everton,Ipswich,0.5092333319994045,0.24735401471499882,0.2434126532855967,1.9867580653357841,0.8580226947114468,"=""1-0""|=""2-0""|=""1-1""",0.5092333319994045,2026-09-19,H,"=""1-0""",H,"=""1-0""",H,"=""1-0""","=""1-0""",H
2026-09-19,Leeds,Crystal Palace,0.48253961467680334,0.24073268446540005,0.2767277008577965,1.4767433870058166,1.1189724671245316,"=""1-1""|=""1-0""|=""2-1""",0.48253961467680334,2026-09-19,H,"=""1-0""",H,"=""1-0""",H,"=""1-0""","=""1-0""",H
2026-09-19,Man City,Sunderland,0.6270542509404196,0.1846637961187255,0.1882819529408549,2.412635087235579,0.7266157111317946,"=""2-0""|=""1-0""|=""3-0""",0.6270542509404196,2026-09-19,H,"=""2-0""",H,"=""2-0""",H,"=""2-0""","=""2-0""",H
2026-09-19,Newcastle,Hull,0.546383114031658,0.2654548673174447,0.18816201865089724,2.188478339424592,0.7936632250922672,"=""2-0""|=""1-0""|=""2-1""",0.546383114031658,2026-09-19,H,"=""2-0""",H,"=""2-0""",H,"=""2-0""","=""2-0""",H
2026-09-19,Nott'm Forest,Coventry,0.5469147819712632,0.22700378274519897,0.22608143528353775,2.4223139486768255,0.81107811017369,"=""2-0""|=""1-0""|=""2-1""",0.5469147819712632,2026-09-19,H,"=""2-0""",H,"=""2-0""",H,"=""2-0""","=""2-0""",H
2026-09-19,Spurs,Aston Villa,0.37587718542498927,0.24446945685684843,0.3796533577181624,1.041175955783912,1.4899128256753031,"=""1-1""|=""0-1""|=""1-2""",0.3796533577181624,2026-09-19,A,"=""0-1""",H,"=""1-0""",A,"=""0-1""","=""0-1""",A
2026-09-20,Bournemouth,Liverpool,0.38150273119547473,0.21327999204914916,0.4052172767553761,1.3498598371544186,1.4437635244800227,"=""1-1""|=""0-1""|=""1-2""",0.4052172767553761,2026-09-20,A,"=""0-1""",H,"=""1-0""",A,"=""0-1""","=""0-1""",A
2026-09-20,Fulham,Man Utd,0.46076069662416114,0.25651405497573526,0.28272524840010355,1.7422048183094714,0.9659590128514746,"=""1-0""|=""1-1""|=""2-0""",0.46076069662416114,2026-09-20,H,"=""1-0""",H,"=""1-0""",H,"=""1-0""","=""1-0""",H
2026-10-10,Arsenal,Leeds,0.6380387724568003,0.18353112348266967,0.17843010406053,2.4348217123486946,0.7208191670840299,"=""2-0""|=""1-0""|=""3-0""",0.6380387724568003,2026-10-10,H,"=""2-0""",H,"=""2-0""",H,"=""2-0""","=""2-0""",H
2026-10-10,Aston Villa,Brentford,0.481102059143209,0.22772680851094154,0.29117113234584935,1.712978884268079,1.097388960110845,"=""1-1""|=""1-0""|=""2-1""",0.481102059143209,2026-10-10,H,"=""1-0""",H,"=""1-0""",H,"=""1-0""","=""1-0""",H
2026-10-10,Chelsea,Bournemouth,0.4606740268172609,0.24989159917813203,0.289434374004607,1.584894129660583,1.094780731894244,"=""1-1""|=""1-0""|=""2-1""",0.4606740268172609,2026-10-10,H,"=""1-0""",H,"=""1-0""",H,"=""1-0""","=""1-0""",H
2026-10-10,Coventry,Newcastle,0.34725245769165214,0.25019444378029654,0.4025530985280513,0.8083781546860191,1.6074267774286453,"=""0-1""|=""1-1""|=""0-2""",0.4025530985280513,2026-10-10,A,"=""0-1""",H,"=""1-0""",A,"=""0-1""","=""0-1""",A
2026-10-10,Crystal Palace,Nott'm Forest,0.4561196875879528,0.24334693399698298,0.3005333784150643,1.450073780286209,1.184451453714606,"=""1-1""|=""1-0""|=""2-1""",0.4561196875879528,2026-10-10,H,"=""1-0""",H,"=""1-0""",H,"=""1-0""","=""1-0""",H
2026-10-10,Hull,Everton,0.29993599907579066,0.2431910446266628,0.45687295629754654,1.007012742528108,1.517322647820565,"=""1-1""|=""0-1""|=""1-2""",0.45687295629754654,2026-10-10,A,"=""0-1""",A,"=""0-1""",A,"=""0-1""","=""0-1""",A
2026-10-10,Ipswich,Fulham,0.32173663796484764,0.2331899705210452,0.4450733915141071,1.0617622244300715,1.4925848141644373,"=""1-1""|=""0-1""|=""1-2""",0.4450733915141071,2026-10-10,A,"=""0-1""",A,"=""0-1""",A,"=""0-1""","=""0-1""",A
2026-10-10,Liverpool,Man City,0.38469715828512996,0.22515177794179309,0.3901510637730769,1.4321118194787141,1.382668156205333,"=""1-1""|=""1-0""|=""2-1""",0.3901510637730769,2026-10-10,H,"=""1-0""",A,"=""0-1""",H,"=""1-0""","=""0-1""",A
2026-10-10,Man Utd,Spurs,0.4465700702111506,0.257471630824807,0.2959582989640423,1.4095983911709136,1.0756954366550646,"=""1-1""|=""1-0""|=""0-1""",0.4465700702111506,2026-10-10,H,"=""1-0""",H,"=""1-0""",H,"=""1-0""","=""1-0""",H
2026-10-10,Sunderland,Brighton,0.38113250158774875,0.2282235701121662,0.39064392830008493,1.2696106961586648,1.3182340207021308,"=""1-1""|=""0-1""|=""1-0""",0.39064392830008493,2026-10-10,H,"=""1-0""",A,"=""0-1""",A,"=""0-1""","=""0-1""",A
2026-10-17,Bournemouth,Sunderland,0.43305875503345403,0.2527608436454064,0.31418040132113967,1.7393423872272757,0.9566915687377501,"=""1-0""|=""1-1""|=""2-0""",0.43305875503345403,2026-10-17,H,"=""1-0""",H,"=""1-0""",H,"=""1-0""","=""1-0""",H
2026-10-17,Brentford,Liverpool,0.35247614130668914,0.1980224453798665,0.4495014133134445,1.295754599306913,1.4961711992370195,"=""1-1""|=""0-1""|=""1-2""",0.4495014133134445,2026-10-17,A,"=""0-1""",A,"=""0-1""",A,"=""0-1""","=""0-1""",A
2026-10-17,Brighton,Crystal Palace,0.46075909407671406,0.24468659388299072,0.29455431204029514,1.6462543224476034,1.0483474436775615,"=""1-1""|=""1-0""|=""2-1""",0.46075909407671406,2026-10-17,H,"=""1-0""",H,"=""1-0""",H,"=""1-0""","=""1-0""",H
2026-10-17,Everton,Chelsea,0.4095002426789039,0.2569748017078216,0.3335249556132745,1.3614847296100658,1.3800108409982796,"=""1-1""|=""0-1""|=""1-0""",0.4095002426789039,2026-10-17,H,"=""1-0""",H,"=""1-0""",A,"=""0-1""","=""1-0""",H
2026-10-17,Fulham,Hull,0.49254634419381466,0.28861145088316176,0.21884220492302356,2.053977646337018,0.8384361868757161,"=""2-0""|=""1-0""|=""2-1""",0.49254634419381466,2026-10-17,H,"=""2-0""",H,"=""2-0""",H,"=""2-0""","=""2-0""",H
2026-10-17,Leeds,Man Utd,0.4396539051240582,0.25400769734559947,0.30633839753034237,1.6797026974510247,0.958830554163365,"=""1-0""|=""1-1""|=""2-0""",0.4396539051240582,2026-10-17,H,"=""1-0""",H,"=""1-0""",H,"=""1-0""","=""1-0""",H
2026-10-17,Man City,Ipswich,0.6248368183561109,0.18636594756298208,0.18879723408090696,3.062699155995442,0.5960235024260515,"=""3-0""|=""2-0""|=""4-0""",0.6248368183561109,2026-10-17,H,"=""3-0""",H,"=""3-0""",H,"=""3-0""","=""3-0""",H
2026-10-17,Newcastle,Aston Villa,0.3828305485614735,0.22894795826411782,0.3882214931744087,1.3679944858248367,1.2615955006700053,"=""1-1""|=""1-0""|=""0-1""",0.3882214931744087,2026-10-17,H,"=""1-0""",A,"=""0-1""",H,"=""1-0""","=""0-1""",A
2026-10-17,Nott'm Forest,Arsenal,0.28967357270709787,0.23246304623832217,0.4778633810545799,0.9824343180785885,1.8269979306258417,"=""0-1""|=""1-1""|=""0-2""",0.4778633810545799,2026-10-17,A,"=""0-1""",A,"=""0-1""",A,"=""0-1""","=""0-1""",A
2026-10-17,Spurs,Coventry,0.5093763216567817,0.22888518817494866,0.26173849016826956,1.967942413606698,0.917207029715473,"=""1-0""|=""2-0""|=""1-1""",0.5093763216567817,2026-10-17,H,"=""1-0""",H,"=""1-0""",H,"=""1-0""","=""1-0""",H
2026-10-24,Arsenal,Everton,0.6027282808268356,0.20398553576184902,0.19328618341131537,2.3923602088690696,0.7496227745497958,"=""2-0""|=""1-0""|=""3-0""",0.6027282808268356,2026-10-24,H,"=""2-0""",H,"=""2-0""",H,"=""2-0""","=""2-0""",H
2026-10-24,Aston Villa,Man City,0.339309085683505,0.24020353000014427,0.42048738431635074,1.2508474927290962,1.580308458768137,"=""1-1""|=""0-1""|=""1-2""",0.42048738431635074,2026-10-24,A,"=""0-1""",A,"=""0-1""",A,"=""0-1""","=""0-1""",A
2026-10-24,Chelsea,Spurs,0.4749407444581868,0.21796286014555358,0.3070963953962596,2.021205683474028,0.8235736523327699,"=""2-0""|=""1-0""|=""2-1""",0.4749407444581868,2026-10-24,H,"=""2-0""",A,"=""0-1""",H,"=""2-0""","=""2-0""",H
2026-10-24,Coventry,Fulham,0.33966127846672656,0.26485948339704424,0.3954792381362291,0.8357626333297832,1.5074322409367964,"=""0-1""|=""1-1""|=""0-2""",0.3954792381362291,2026-10-24,A,"=""0-1""",H,"=""1-0""",A,"=""0-1""","=""0-1""",A
2026-10-24,Crystal Palace,Newcastle,0.4077748783887813,0.25368052564635196,0.33854459596486675,1.3903177351837244,1.2675426494530644,"=""1-1""|=""1-0""|=""0-1""",0.4077748783887813,2026-10-24,H,"=""1-0""",H,"=""1-0""",H,"=""1-0""","=""1-0""",H
2026-10-24,Hull,Brentford,0.3525790760146822,0.23273809745532023,0.4146828265299975,0.9835352391559208,1.613939263135455,"=""0-1""|=""1-1""|=""0-2""",0.4146828265299975,2026-10-24,H,"=""1-0""",A,"=""0-1""",A,"=""0-1""","=""0-1""",A
2026-10-24,Ipswich,Nott'm Forest,0.34747745980239697,0.21349827835846372,0.43902426183913934,1.0653291058409382,1.4739137021541118,"=""1-1""|=""0-1""|=""1-2""",0.43902426183913934,2026-10-24,A,"=""0-1""",A,"=""0-1""",A,"=""0-1""","=""0-1""",A
2026-10-24,Liverpool,Brighton,0.48681900097214637,0.2374736418529105,0.27570735717494305,1.8895833994553595,0.9594576220589834,"=""1-0""|=""1-1""|=""2-0""",0.48681900097214637,2026-10-24,H,"=""1-0""",H,"=""1-0""",H,"=""1-0""","=""1-0""",H
2026-10-24,Man Utd,Bournemouth,0.38354945944750884,0.23022496352513375,0.3862255770273575,1.1027419633264683,1.4243940032026325,"=""1-1""|=""0-1""|=""1-2""",0.3862255770273575,2026-10-24,A,"=""0-1""",H,"=""1-0""",A,"=""0-1""","=""0-1""",A
2026-10-24,Sunderland,Leeds,0.4390108304847962,0.2672701082313303,0.2937190612838733,1.3736582508103803,1.1933030783786582,"=""1-1""|=""1-0""|=""0-1""",0.4390108304847962,2026-10-24,H,"=""1-0""",H,"=""1-0""",H,"=""1-0""","=""1-0""",H
2026-10-31,Aston Villa,Fulham,0.4653523371088554,0.26997579000082794,0.26467187289031663,1.728669230057372,1.0146902645410283,"=""1-1""|=""1-0""|=""2-1""",0.4653523371088554,2026-10-31,H,"=""1-0""",H,"=""1-0""",H,"=""1-0""","=""1-0""",H
2026-10-31,Bournemouth,Leeds,0.4385249004793105,0.26255994655886244,0.29891515296182697,1.7083755186085898,1.0332506870758889,"=""1-1""|=""1-0""|=""2-1""",0.4385249004793105,2026-10-31,H,"=""1-0""",H,"=""1-0""",H,"=""1-0""","=""1-0""",H
2026-10-31,Brentford,Nott'm Forest,0.46989440930992465,0.2350591486645361,0.2950464420255392,1.601249232217898,1.0902781384235254,"=""1-1""|=""1-0""|=""2-1""",0.46989440930992465,2026-10-31,H,"=""1-0""",H,"=""1-0""",H,"=""1-0""","=""1-0""",H
2026-10-31,Chelsea,Man Utd,0.474919652650736,0.21797261952147573,0.3071077278277883,2.020745482552756,0.823627624139513,"=""2-0""|=""1-0""|=""2-1""",0.474919652650736,2026-10-31,H,"=""2-0""",A,"=""0-1""",H,"=""2-0""","=""2-0""",H
2026-10-31,Coventry,Sunderland,0.3593178623224764,0.2676154022562766,0.37306673542124696,0.8820267163980884,1.3733728440148918,"=""0-1""|=""1-1""|=""0-0""",0.37306673542124696,2026-10-31,A,"=""0-1""",H,"=""1-0""",A,"=""0-1""","=""0-1""",A
2026-10-31,Hull,Ipswich,0.37877096991463693,0.2689118517101293,0.35231717837523363,1.3294447544655452,1.1148534977303155,"=""1-1""|=""1-0""|=""0-1""",0.37877096991463693,2026-10-31,H,"=""1-0""",A,"=""0-1""",H,"=""1-0""","=""1-0""",H
2026-10-31,Liverpool,Arsenal,0.37551879519848025,0.2563056997509522,0.3681755050505675,1.3334807215520523,1.4383130976263616,"=""1-1""|=""0-1""|=""1-2""",0.37551879519848025,2026-10-31,A,"=""0-1""",H,"=""1-0""",A,"=""0-1""","=""1-0""",H
2026-10-31,Man City,Brighton,0.5661993406596039,0.21588737355862672,0.2179132857817694,2.1917203680626764,0.8679315230136869,"=""2-0""|=""1-0""|=""2-1""",0.5661993406596039,2026-10-31,H,"=""2-0""",H,"=""2-0""",H,"=""2-0""","=""2-0""",H
2026-10-31,Newcastle,Everton,0.44704403731327375,0.23936715707682896,0.31358880560989727,1.5793882214026087,1.1001426797999354,"=""1-1""|=""1-0""|=""2-1""",0.44704403731327375,2026-10-31,H,"=""1-0""",H,"=""1-0""",H,"=""1-0""","=""1-0""",H
2026-10-31,Spurs,Crystal Palace,0.39449862531378294,0.22787280587909173,0.3776285688071252,1.2381094966747705,1.2522747034302313,"=""1-1""|=""0-1""|=""1-0""",0.39449862531378294,2026-10-31,H,"=""1-0""",H,"=""1-0""",A,"=""0-1""","=""1-0""",H
2026-11-07,Arsenal,Hull,0.6222898456033666,0.19157596681688455,0.18613418757974876,3.3226167874528407,0.5428698657998475,"=""3-0""|=""2-0""|=""4-0""",0.6222898456033666,2026-11-07,H,"=""3-0""",H,"=""3-0""",H,"=""3-0""","=""3-0""",H
2026-11-07,Brighton,Brentford,0.517558775254798,0.22345211675154347,0.2589891079936585,1.5678122555980594,1.1621546291531253,"=""1-1""|=""1-0""|=""2-1""",0.517558775254798,2026-11-07,H,"=""1-0""",H,"=""1-0""",H,"=""1-0""","=""1-0""",H
2026-11-07,Crystal Palace,Liverpool,0.31417067293050654,0.22916250223334875,0.4566668248361447,1.1773005778773609,1.6343616637475997,"=""1-1""|=""0-1""|=""1-2""",0.4566668248361447,2026-11-07,A,"=""0-1""",A,"=""0-1""",A,"=""0-1""","=""0-1""",A
2026-11-07,Everton,Coventry,0.5410756406086937,0.22128398945978361,0.2376403699315227,2.455506456232632,0.8212791328185688,"=""2-0""|=""2-1""|=""3-0""",0.5410756406086937,2026-11-07,H,"=""2-0""",H,"=""2-0""",H,"=""2-0""","=""2-0""",H
2026-11-07,Fulham,Newcastle,0.3965604741324652,0.24797837209017953,0.35546115377735527,1.4187998843462184,1.2269954039468576,"=""1-1""|=""1-0""|=""2-1""",0.3965604741324652,2026-11-07,H,"=""1-0""",H,"=""1-0""",H,"=""1-0""","=""1-0""",H
2026-11-07,Ipswich,Bournemouth,0.3048353486927281,0.20113261256890738,0.49403203873836454,0.9867714610767018,1.6633952710294777,"=""0-1""|=""1-1""|=""0-2""",0.49403203873836454,2026-11-07,A,"=""0-1""",A,"=""0-1""",A,"=""0-1""","=""0-1""",A
2026-11-07,Leeds,Spurs,0.4411100699775706,0.2548721195757459,0.3040178104466836,1.6785556225934768,0.9590190735823089,"=""1-0""|=""1-1""|=""2-0""",0.4411100699775706,2026-11-07,H,"=""1-0""",H,"=""1-0""",H,"=""1-0""","=""1-0""",H
2026-11-07,Man Utd,Aston Villa,0.3759860920741855,0.24447475368088686,0.3795391542449276,1.0428368989228918,1.4892295285794526,"=""1-1""|=""0-1""|=""1-2""",0.3795391542449276,2026-11-07,A,"=""0-1""",H,"=""1-0""",A,"=""0-1""","=""0-1""",A
2026-11-07,Nott'm Forest,Man City,0.2866374154463959,0.21642502876871156,0.4969375557848925,1.057702167301558,1.7635337984591755,"=""1-1""|=""0-1""|=""1-2""",0.4969375557848925,2026-11-07,A,"=""0-1""",A,"=""0-1""",A,"=""0-1""","=""0-1""",A
2026-11-07,Sunderland,Chelsea,0.3712821925387879,0.26240239314246094,0.36631541431875114,1.2211530522704825,1.4666918413110905,"=""1-1""|=""0-1""|=""1-2""",0.3712821925387879,2026-11-07,H,"=""1-0""",H,"=""1-0""",A,"=""0-1""","=""1-0""",H
2026-11-21,Aston Villa,Sunderland,0.4962333071351434,0.2487959783361932,0.2549707145286633,1.8229275064727755,0.9232426023985709,"=""1-0""|=""1-1""|=""2-0""",0.4962333071351434,2026-11-21,H,"=""1-0""",H,"=""1-0""",H,"=""1-0""","=""1-0""",H
2026-11-21,Bournemouth,Nott'm Forest,0.43675369400972586,0.27254842620972103,0.29069787978055306,1.67808372681111,1.0625829401608269,"=""1-1""|=""1-0""|=""2-1""",0.43675369400972586,2026-11-21,H,"=""1-0""",H,"=""1-0""",H,"=""1-0""","=""1-0""",H
2026-11-21,Brentford,Everton,0.45015400298665814,0.2495885255636926,0.3002574714496492,1.6083300982192288,1.1101265971579073,"=""1-1""|=""1-0""|=""2-1""",0.45015400298665814,2026-11-21,H,"=""1-0""",H,"=""1-0""",H,"=""1-0""","=""1-0""",H
2026-11-21,Chelsea,Leeds,0.46439023217174885,0.263275963034597,0.27233380479365416,1.7603863294189088,0.9599702812956333,"=""1-0""|=""1-1""|=""2-0""",0.46439023217174885,2026-11-21,H,"=""1-0""",H,"=""1-0""",H,"=""1-0""","=""1-0""",H
2026-11-21,Coventry,Crystal Palace,0.3592842192896856,0.2707900920181845,0.3699256886921299,0.8755455642261042,1.4873842475087513,"=""0-1""|=""1-1""|=""0-2""",0.3699256886921299,2026-11-21,H,"=""1-0""",H,"=""1-0""",A,"=""0-1""","=""0-1""",A
2026-11-21,Hull,Brighton,0.3120329313138139,0.22144673766999529,0.46652033101619084,0.9503772715565135,1.6206234802957278,"=""0-1""|=""1-1""|=""0-2""",0.46652033101619084,2026-11-21,A,"=""0-1""",A,"=""0-1""",A,"=""0-1""","=""0-1""",A
2026-11-21,Liverpool,Man Utd,0.6081753950216212,0.15858835232138813,0.23323625265699058,2.3376830441953382,0.741342280046756,"=""2-0""|=""1-0""|=""3-0""",0.6081753950216212,2026-11-21,H,"=""2-0""",H,"=""2-0""",H,"=""2-0""","=""2-0""",H
2026-11-21,Man City,Fulham,0.6274406177103439,0.20344209248621378,0.16911728980344226,2.2866198728649785,0.7978523290034859,"=""2-0""|=""1-0""|=""2-1""",0.6274406177103439,2026-11-21,H,"=""2-0""",H,"=""2-0""",H,"=""2-0""","=""2-0""",H
2026-11-21,Newcastle,Arsenal,0.3113300281124261,0.27627072523284835,0.4123992466547255,1.0477110280813668,1.749852865966899,"=""1-1""|=""0-1""|=""1-2""",0.4123992466547255,2026-11-21,A,"=""0-1""",A,"=""0-1""",A,"=""0-1""","=""0-1""",A
2026-11-21,Spurs,Ipswich,0.4659333017492947,0.2458083645445127,0.2882583337061926,1.5894124063921642,0.9532599767862003,"=""1-0""|=""1-1""|=""2-0""",0.4659333017492947,2026-11-21,H,"=""1-0""",H,"=""1-0""",H,"=""1-0""","=""1-0""",H
2026-11-28,Arsenal,Man City,0.42617617308395705,0.2252055243259979,0.34861830259004506,1.7042783547512577,1.1460716701493152,"=""1-1""|=""1-0""|=""2-1""",0.42617617308395705,2026-11-28,H,"=""1-0""",H,"=""1-0""",H,"=""1-0""","=""1-0""",H
2026-11-28,Brighton,Newcastle,0.4645717985207071,0.2394290022413109,0.295999199237982,1.5330243468443825,1.149215724324397,"=""1-1""|=""1-0""|=""2-1""",0.4645717985207071,2026-11-28,H,"=""1-0""",H,"=""1-0""",H,"=""1-0""","=""1-0""",H
2026-11-28,Crystal Palace,Hull,0.5140932540081833,0.2695547418108694,0.21635200418094727,2.0275142953829897,0.8767526271079821,"=""2-0""|=""1-0""|=""2-1""",0.5140932540081833,2026-11-28,H,"=""2-0""",H,"=""2-0""",H,"=""2-0""","=""2-0""",H
2026-11-28,Everton,Liverpool,0.33659705204490364,0.21197640273439422,0.4514265452207021,1.2154534571155948,1.580403305321114,"=""1-1""|=""0-1""|=""1-2""",0.4514265452207021,2026-11-28,A,"=""0-1""",A,"=""0-1""",A,"=""0-1""","=""0-1""",A
2026-11-28,Fulham,Bournemouth,0.42941859160650775,0.24854633543851753,0.32203507295497474,1.3568792079421859,1.2723685946410088,"=""1-1""|=""1-0""|=""0-1""",0.42941859160650775,2026-11-28,H,"=""1-0""",H,"=""1-0""",H,"=""1-0""","=""1-0""",H
2026-11-28,Ipswich,Aston Villa,0.31673989646833356,0.22656141442351838,0.4566986891081481,0.9288402960238175,1.7272407739330264,"=""0-1""|=""1-1""|=""0-2""",0.4566986891081481,2026-11-28,A,"=""0-1""",A,"=""0-1""",A,"=""0-1""","=""0-1""",A
2026-11-28,Leeds,Coventry,0.5058552601139965,0.25620173613842323,0.23794300374758012,2.3511863686765473,0.8211344824926464,"=""2-0""|=""1-0""|=""2-1""",0.5058552601139965,2026-11-28,H,"=""2-0""",H,"=""2-0""",H,"=""2-0""","=""2-0""",H
2026-11-28,Man Utd,Brentford,0.4003973904261379,0.21609167741441024,0.38351093215945187,1.176129445127343,1.3799148412329114,"=""1-1""|=""0-1""|=""1-0""",0.4003973904261379,2026-11-28,H,"=""1-0""",H,"=""1-0""",A,"=""0-1""","=""1-0""",H
2026-11-28,Nott'm Forest,Chelsea,0.39857848717277666,0.25206346680691966,0.3493580460203037,1.3391418510689106,1.3562207725117,"=""1-1""|=""0-1""|=""1-0""",0.39857848717277666,2026-11-28,A,"=""0-1""",H,"=""1-0""",A,"=""0-1""","=""1-0""",H
2026-11-28,Sunderland,Spurs,0.4538934055047253,0.26383669338362353,0.28226990111165123,1.5813389221260354,1.0305418180394545,"=""1-1""|=""1-0""|=""2-1""",0.4538934055047253,2026-11-28,H,"=""1-0""",H,"=""1-0""",H,"=""1-0""","=""1-0""",H
2026-12-02,Aston Villa,Everton,0.45023296945368435,0.2536902624295602,0.2960767681167554,1.7600050370541749,1.037712805343463,"=""1-1""|=""1-0""|=""2-1""",0.45023296945368435,2026-12-02,H,"=""1-0""",H,"=""1-0""",H,"=""1-0""","=""1-0""",H
2026-12-02,Bournemouth,Brighton,0.4294478104016972,0.26268688651844174,0.307865303079861,1.5800782129421735,1.1427536696330807,"=""1-1""|=""1-0""|=""2-1""",0.4294478104016972,2026-12-02,H,"=""1-0""",H,"=""1-0""",H,"=""1-0""","=""1-0""",H
2026-12-02,Brentford,Arsenal,0.2951300315582185,0.22673147672677044,0.4781384917150111,1.0659008036396878,1.7629524859967929,"=""1-1""|=""0-1""|=""1-2""",0.4781384917150111,2026-12-02,A,"=""0-1""",A,"=""0-1""",A,"=""0-1""","=""0-1""",A
2026-12-02,Chelsea,Crystal Palace,0.418377589765882,0.30149414687605586,0.2801282633580621,1.7842288858897757,0.9672304037482351,"=""1-0""|=""1-1""|=""2-0""",0.418377589765882,2026-12-02,H,"=""1-0""",H,"=""1-0""",H,"=""1-0""","=""1-0""",H
2026-12-02,Coventry,Ipswich,0.4084947580880499,0.2712080762642228,0.3202971656477272,1.1208551648640153,1.1285084300330372,"=""1-1""|=""0-1""|=""1-0""",0.4084947580880499,2026-12-02,H,"=""1-0""",H,"=""1-0""",A,"=""0-1""","=""1-0""",H
2026-12-02,Hull,Nott'm Forest,0.32664114695365276,0.25668859854679604,0.4166702544995513,1.0051036507841031,1.4964469938924987,"=""1-1""|=""0-1""|=""1-2""",0.4166702544995513,2026-12-02,A,"=""0-1""",A,"=""0-1""",A,"=""0-1""","=""0-1""",A
2026-12-02,Liverpool,Sunderland,0.5383578120727243,0.23016832687568578,0.2314738610515899,2.0824387299537257,0.8047799710705889,"=""2-0""|=""1-0""|=""2-1""",0.5383578120727243,2026-12-02,H,"=""2-0""",H,"=""2-0""",H,"=""2-0""","=""2-0""",H
2026-12-02,Man City,Leeds,0.6580625569923279,0.18707491518337932,0.15486252782429286,2.3627389220254704,0.7809385074774088,"=""2-0""|=""1-0""|=""3-0""",0.6580625569923279,2026-12-02,H,"=""2-0""",H,"=""2-0""",H,"=""2-0""","=""2-0""",H
2026-12-02,Newcastle,Man Utd,0.47343778642139017,0.25276241148641165,0.2737998020921981,1.8441412957528909,0.9086376666877597,"=""1-0""|=""2-0""|=""1-1""",0.47343778642139017,2026-12-02,H,"=""1-0""",H,"=""1-0""",H,"=""1-0""","=""1-0""",H
2026-12-02,Spurs,Fulham,0.3861755839677802,0.24680504627662045,0.3670193697555993,1.1855652369921816,1.2732087908497358,"=""1-1""|=""0-1""|=""1-0""",0.3861755839677802,2026-12-02,H,"=""1-0""",A,"=""0-1""",A,"=""0-1""","=""1-0""",H
2026-12-05,Aston Villa,Crystal Palace,0.481148789497173,0.2418168923612577,0.2770343181415694,1.8022184686662637,0.9931653521399534,"=""1-0""|=""1-1""|=""2-0""",0.481148789497173,2026-12-05,H,"=""1-0""",H,"=""1-0""",H,"=""1-0""","=""1-0""",H
2026-12-05,Bournemouth,Hull,0.5588526766171731,0.23230424680180048,0.20884307658102633,2.3254354518514333,0.7749193572982728,"=""2-0""|=""1-0""|=""3-0""",0.5588526766171731,2026-12-05,H,"=""2-0""",H,"=""2-0""",H,"=""2-0""","=""2-0""",H
2026-12-05,Brentford,Man City,0.29699335982546043,0.2196323051278942,0.4833743350466454,1.1443613229460756,1.6938138155317157,"=""1-1""|=""0-1""|=""1-2""",0.4833743350466454,2026-12-05,A,"=""0-1""",A,"=""0-1""",A,"=""0-1""","=""0-1""",A
2026-12-05,Chelsea,Liverpool,0.3913221234878952,0.2229008491157237,0.38577702739638114,1.3975313040447501,1.351944287524737,"=""1-1""|=""1-0""|=""0-1""",0.3913221234878952,2026-12-05,H,"=""1-0""",A,"=""0-1""",H,"=""1-0""","=""1-0""",H
2026-12-05,Everton,Fulham,0.4477068168577933,0.25462756715975116,0.2976656159824555,1.4831210750073485,1.148315705946203,"=""1-1""|=""1-0""|=""2-1""",0.4477068168577933,2026-12-05,H,"=""1-0""",H,"=""1-0""",H,"=""1-0""","=""1-0""",H
2026-12-05,Leeds,Ipswich,0.487794137486165,0.2639419929173885,0.24826386959644645,1.8957858092545752,0.8529463190853422,"=""1-0""|=""2-0""|=""1-1""",0.487794137486165,2026-12-05,H,"=""1-0""",H,"=""1-0""",H,"=""1-0""","=""1-0""",H
2026-12-05,Man Utd,Coventry,0.5095379432871576,0.22928303074502432,0.26117902596781806,1.971081787342357,0.9167863843670351,"=""1-0""|=""2-0""|=""1-1""",0.5095379432871576,2026-12-05,H,"=""1-0""",H,"=""1-0""",H,"=""1-0""","=""1-0""",H
2026-12-05,Newcastle,Sunderland,0.46482517967044507,0.2535991007312547,0.28157571959830024,1.635988876623831,0.9789208095256552,"=""1-0""|=""1-1""|=""2-0""",0.46482517967044507,2026-12-05,H,"=""1-0""",H,"=""1-0""",H,"=""1-0""","=""1-0""",H
2026-12-05,Nott'm Forest,Brighton,0.46142574592728064,0.2114434142512258,0.32713083982149355,1.392581894929945,1.21938272738557,"=""1-1""|=""1-0""|=""0-1""",0.46142574592728064,2026-12-05,H,"=""1-0""",H,"=""1-0""",H,"=""1-0""","=""1-0""",H
2026-12-05,Spurs,Arsenal,0.30296956271633807,0.23308095368276832,0.4639494836008935,0.8036242434676371,2.0832063155455645,"=""0-2""|=""0-1""|=""1-2""",0.4639494836008935,2026-12-05,A,"=""0-2""",A,"=""0-2""",A,"=""0-2""","=""0-2""",A
2026-12-12,Arsenal,Bournemouth,0.5430626476086324,0.2231250611448942,0.23381229124647337,2.1884233629985506,0.8197535043866906,"=""2-0""|=""1-0""|=""2-1""",0.5430626476086324,2026-12-12,H,"=""2-0""",H,"=""2-0""",H,"=""2-0""","=""2-0""",H
2026-12-12,Brighton,Everton,0.45101802586512185,0.2576676616237925,0.29131431251108564,1.6029956806349792,1.0900447693902005,"=""1-1""|=""1-0""|=""2-1""",0.45101802586512185,2026-12-12,H,"=""1-0""",H,"=""1-0""",H,"=""1-0""","=""1-0""",H
2026-12-12,Coventry,Aston Villa,0.3300291862606401,0.25574789038438117,0.41422292335497873,0.7322836127099491,1.7489938756960988,"=""0-1""|=""0-2""|=""1-1""",0.41422292335497873,2026-12-12,A,"=""0-1""",H,"=""1-0""",A,"=""0-1""","=""0-1""",A
2026-12-12,Crystal Palace,Man Utd,0.44552842257812036,0.2749291502062478,0.2795424272156317,1.7055633067469211,1.0015251906693465,"=""1-1""|=""1-0""|=""2-1""",0.44552842257812036,2026-12-12,H,"=""1-0""",H,"=""1-0""",H,"=""1-0""","=""1-0""",H
2026-12-12,Fulham,Brentford,0.4618296524867462,0.23935596365598316,0.2988143838572706,1.4534304013116721,1.2442787779712672,"=""1-1""|=""1-0""|=""2-1""",0.4618296524867462,2026-12-12,H,"=""1-0""",H,"=""1-0""",H,"=""1-0""","=""1-0""",H
2026-12-12,Hull,Spurs,0.3856157716240423,0.26006972555267194,0.35431450282328575,1.1782363279845667,1.2582911661775062,"=""1-1""|=""0-1""|=""1-0""",0.3856157716240423,2026-12-12,H,"=""1-0""",A,"=""0-1""",A,"=""0-1""","=""1-0""",H
2026-12-12,Ipswich,Newcastle,0.3384136020227459,0.22787440802253336,0.43371198995472066,1.0242860158248348,1.5846670977796482,"=""1-1""|=""0-1""|=""1-2""",0.43371198995472066,2026-12-12,A,"=""0-1""",A,"=""0-1""",A,"=""0-1""","=""0-1""",A
2026-12-12,Liverpool,Leeds,0.5426920601887639,0.2199845090855007,0.23732343072573542,2.043011538009778,0.8675187606537746,"=""2-0""|=""1-0""|=""2-1""",0.5426920601887639,2026-12-12,H,"=""2-0""",H,"=""2-0""",H,"=""2-0""","=""2-0""",H
2026-12-12,Man City,Chelsea,0.5262388736995778,0.2218954595184578,0.2518656667819643,2.0958160941921,0.956349061350565,"=""2-0""|=""2-1""|=""1-0""",0.5262388736995778,2026-12-12,H,"=""2-0""",H,"=""2-0""",H,"=""2-0""","=""2-0""",H
2026-12-12,Sunderland,Nott'm Forest,0.44383077643275226,0.2516874632511572,0.30448176031609053,1.3511878447857535,1.2300371592451294,"=""1-1""|=""1-0""|=""0-1""",0.44383077643275226,2026-12-12,H,"=""1-0""",H,"=""1-0""",H,"=""1-0""","=""1-0""",H
2026-12-19,Arsenal,Man Utd,0.5717201084736953,0.1808952509273446,0.24738464059896015,2.7819139931043275,0.6155678458820546,"=""2-0""|=""3-0""|=""1-0""",0.5717201084736953,2026-12-19,H,"=""2-0""",H,"=""2-0""",H,"=""2-0""","=""2-0""",H
2026-12-19,Bournemouth,Coventry,0.5906892059627823,0.20273554612116748,0.20657524791605025,2.739826716097634,0.7561396534078828,"=""2-0""|=""3-0""|=""2-1""",0.5906892059627823,2026-12-19,H,"=""2-0""",H,"=""2-0""",H,"=""2-0""","=""2-0""",H
2026-12-19,Brentford,Newcastle,0.445414079766073,0.22777978819330794,0.3268061320406191,1.5292694546327048,1.1591874845979855,"=""1-1""|=""1-0""|=""2-1""",0.445414079766073,2026-12-19,H,"=""1-0""",H,"=""1-0""",H,"=""1-0""","=""1-0""",H
2026-12-19,Brighton,Ipswich,0.5888371093016149,0.1924638489845223,0.21869904171386265,2.1227679294749042,0.8050204842701637,"=""2-0""|=""1-0""|=""2-1""",0.5888371093016149,2026-12-19,H,"=""2-0""",H,"=""2-0""",H,"=""2-0""","=""2-0""",H
2026-12-19,Chelsea,Aston Villa,0.4108987324930833,0.2640793513563818,0.3250219161505349,1.4975562989413507,1.1440530018083745,"=""1-1""|=""1-0""|=""2-1""",0.4108987324930833,2026-12-19,H,"=""1-0""",H,"=""1-0""",H,"=""1-0""","=""1-0""",H
2026-12-19,Leeds,Fulham,0.44905252730185213,0.2380547786420686,0.3128926940560793,1.4096433039064524,1.1340547518163653,"=""1-1""|=""1-0""|=""0-1""",0.44905252730185213,2026-12-19,H,"=""1-0""",H,"=""1-0""",H,"=""1-0""","=""1-0""",H
2026-12-19,Liverpool,Spurs,0.6045134371981343,0.160007621812588,0.23547894098927752,2.3355547372419823,0.7415366306818771,"=""2-0""|=""1-0""|=""3-0""",0.6045134371981343,2026-12-19,H,"=""2-0""",H,"=""2-0""",H,"=""2-0""","=""2-0""",H
2026-12-19,Man City,Hull,0.6309443331269171,0.2031823256185973,0.16587334125448566,3.2256025066933476,0.588558108247975,"=""3-0""|=""2-0""|=""4-0""",0.6309443331269171,2026-12-19,H,"=""3-0""",H,"=""3-0""",H,"=""3-0""","=""3-0""",H
2026-12-19,Nott'm Forest,Everton,0.46704950854188415,0.21739332435519523,0.3155571671029206,1.4792848462681658,1.146448245906135,"=""1-1""|=""1-0""|=""2-1""",0.46704950854188415,2026-12-19,H,"=""1-0""",H,"=""1-0""",H,"=""1-0""","=""1-0""",H
2026-12-19,Sunderland,Crystal Palace,0.47316071468405035,0.25169150939072676,0.2751477759252229,1.3913879666362727,1.20106984046838,"=""1-1""|=""1-0""|=""0-1""",0.47316071468405035,2026-12-19,H,"=""1-0""",H,"=""1-0""",H,"=""1-0""","=""1-0""",H
2026-12-26,Aston Villa,Leeds,0.4537519643768689,0.2675514828557149,0.27869655276741606,1.790128592812787,0.9968060648524375,"=""1-0""|=""1-1""|=""2-0""",0.4537519643768689,2026-12-26,H,"=""1-0""",H,"=""1-0""",H,"=""1-0""","=""1-0""",H
2026-12-26,Coventry,Chelsea,0.3100735501779198,0.27891346959470603,0.41101298022737426,0.7701114019385795,1.8229745741240124,"=""0-1""|=""0-2""|=""1-1""",0.41101298022737426,2026-12-26,A,"=""0-1""",H,"=""1-0""",A,"=""0-1""","=""0-1""",A
2026-12-26,Crystal Palace,Arsenal,0.2601084999539619,0.255898660531818,0.48399283951422006,0.9687638069846781,1.9267918876323213,"=""0-1""|=""1-1""|=""0-2""",0.48399283951422006,2026-12-26,A,"=""0-1""",A,"=""0-1""",A,"=""0-1""","=""0-1""",A
2026-12-26,Everton,Sunderland,0.4596446446005993,0.2614578027227788,0.2788975526766218,1.5648138750051008,1.0457413542251555,"=""1-1""|=""1-0""|=""2-1""",0.4596446446005993,2026-12-26,H,"=""1-0""",H,"=""1-0""",H,"=""1-0""","=""1-0""",H
2026-12-26,Fulham,Brighton,0.41007405408176256,0.2431119486894898,0.34681399722874756,1.4063943102214504,1.2523420645187036,"=""1-1""|=""1-0""|=""0-1""",0.41007405408176256,2026-12-26,H,"=""1-0""",H,"=""1-0""",H,"=""1-0""","=""1-0""",H
2026-12-26,Hull,Liverpool,0.2533050437014118,0.24551830966847166,0.5011766466301165,0.8153926910963636,2.0621674453952337,"=""0-2""|=""0-1""|=""1-2""",0.5011766466301165,2026-12-26,A,"=""0-2""",A,"=""0-2""",A,"=""0-2""","=""0-2""",A
2026-12-26,Ipswich,Brentford,0.35538133248980514,0.2026012901494296,0.44201737736076513,1.0424683226208835,1.589636789066747,"=""1-1""|=""0-1""|=""1-2""",0.44201737736076513,2026-12-26,H,"=""1-0""",A,"=""0-1""",A,"=""0-1""","=""0-1""",A
2026-12-26,Man Utd,Nott'm Forest,0.4099432599552119,0.23798042254795143,0.3520763174968366,1.2030166142722887,1.2791238503776063,"=""1-1""|=""0-1""|=""1-0""",0.4099432599552119,2026-12-26,A,"=""0-1""",H,"=""1-0""",A,"=""0-1""","=""1-0""",H
2026-12-26,Newcastle,Man City,0.29638650045613146,0.24583442415218856,0.45777907539167995,1.1242829165153267,1.679860060702658,"=""1-1""|=""0-1""|=""1-2""",0.45777907539167995,2026-12-26,A,"=""0-1""",A,"=""0-1""",A,"=""0-1""","=""0-1""",A
2026-12-26,Spurs,Bournemouth,0.38287212340326465,0.23098017673566848,0.38614769986106695,1.1050042515238037,1.4235541664721687,"=""1-1""|=""0-1""|=""1-2""",0.38614769986106695,2026-12-26,A,"=""0-1""",H,"=""1-0""",A,"=""0-1""","=""0-1""",A
2026-12-30,Aston Villa,Liverpool,0.4208225117730754,0.2412360280702848,0.33794146015663973,1.4155766410162467,1.3946767379040461,"=""1-1""|=""1-0""|=""2-1""",0.4208225117730754,2026-12-30,H,"=""1-0""",H,"=""1-0""",H,"=""1-0""","=""1-0""",H
2026-12-30,Coventry,Brentford,0.37388986213393693,0.24523628847416762,0.38087384939189545,0.8292187764333675,1.63370709040934,"=""0-1""|=""1-1""|=""0-2""",0.38087384939189545,2026-12-30,H,"=""1-0""",H,"=""1-0""",A,"=""0-1""","=""0-1""",A
2026-12-30,Crystal Palace,Bournemouth,0.36197328356480085,0.24041255132342537,0.3976141651117738,1.3370290929114683,1.3266007725685733,"=""1-1""|=""1-0""|=""0-1""",0.3976141651117738,2026-12-30,A,"=""0-1""",A,"=""0-1""",H,"=""1-0""","=""0-1""",A
2026-12-30,Everton,Man City,0.2802448017424692,0.2349140299556857,0.48484116830184504,1.0754640058927203,1.7947872710856856,"=""1-1""|=""0-1""|=""1-2""",0.48484116830184504,2026-12-30,A,"=""0-1""",A,"=""0-1""",A,"=""0-1""","=""0-1""",A
2026-12-30,Fulham,Arsenal,0.28397477108200997,0.25033875416763346,0.4656864747503566,0.9859967867271776,1.8569536671440685,"=""0-1""|=""1-1""|=""0-2""",0.4656864747503566,2026-12-30,A,"=""0-1""",A,"=""0-1""",A,"=""0-1""","=""0-1""",A
2026-12-30,Hull,Leeds,0.3278991442565125,0.26482384290973277,0.4072770128337546,1.0275448714313704,1.4653292034883918,"=""1-1""|=""0-1""|=""1-2""",0.4072770128337546,2026-12-30,H,"=""1-0""",A,"=""0-1""",A,"=""0-1""","=""0-1""",A
2026-12-30,Ipswich,Chelsea,0.3013438933409142,0.24634475643316067,0.45231135022592506,0.9754919969107526,1.7962224835310514,"=""0-1""|=""1-1""|=""0-2""",0.45231135022592506,2026-12-30,A,"=""0-1""",A,"=""0-1""",A,"=""0-1""","=""0-1""",A
2026-12-30,Man Utd,Sunderland,0.43568218060816366,0.23429679691782118,0.3300210224740151,1.2523329953738946,1.1596754000106686,"=""1-1""|=""1-0""|=""0-1""",0.43568218060816366,2026-12-30,H,"=""1-0""",H,"=""1-0""",H,"=""1-0""","=""1-0""",H
2026-12-30,Newcastle,Nott'm Forest,0.467682720183455,0.2479690093256153,0.2843482704909296,1.580908182491194,1.0901853399288126,"=""1-1""|=""1-0""|=""2-1""",0.467682720183455,2026-12-30,H,"=""1-0""",H,"=""1-0""",H,"=""1-0""","=""1-0""",H
2026-12-30,Spurs,Brighton,0.3720882077107935,0.23666004477282981,0.39125174751637676,1.1376621968566676,1.3852147988446155,"=""1-1""|=""0-1""|=""1-0""",0.39125174751637676,2026-12-30,A,"=""0-1""",H,"=""1-0""",A,"=""0-1""","=""0-1""",A
2027-01-02,Arsenal,Ipswich,0.6165758440425233,0.17873809330793114,0.20468606264954547,3.163420297055802,0.5522553415228623,"=""3-0""|=""2-0""|=""4-0""",0.6165758440425233,2027-01-02,H,"=""3-0""",H,"=""3-0""",H,"=""3-0""","=""3-0""",H
2027-01-02,Bournemouth,Aston Villa,0.4060533260347783,0.23924686055752,0.35469981340770174,1.4498632614193763,1.226525243234247,"=""1-1""|=""1-0""|=""2-1""",0.4060533260347783,2027-01-02,H,"=""1-0""",A,"=""0-1""",H,"=""1-0""","=""1-0""",H
2027-01-02,Brentford,Crystal Palace,0.4718812403948374,0.24521402686597402,0.2829047327391886,1.6509636735854205,1.0668334763351692,"=""1-1""|=""1-0""|=""2-1""",0.4718812403948374,2027-01-02,H,"=""1-0""",H,"=""1-0""",H,"=""1-0""","=""1-0""",H
2027-01-02,Brighton,Man Utd,0.5141049846873278,0.22807501133922048,0.2578200039734517,1.8721804992453355,0.9024531291662777,"=""1-0""|=""2-0""|=""1-1""",0.5141049846873278,2027-01-02,H,"=""1-0""",H,"=""1-0""",H,"=""1-0""","=""1-0""",H
2027-01-02,Chelsea,Newcastle,0.4813548860919849,0.24188912840487112,0.2767559855031439,1.6513379136583513,1.0495078134767146,"=""1-1""|=""1-0""|=""2-1""",0.4813548860919849,2027-01-02,H,"=""1-0""",H,"=""1-0""",H,"=""1-0""","=""1-0""",H
2027-01-02,Leeds,Everton,0.433400462149532,0.23540544342647907,0.33119409442398895,1.4361989793211867,1.161135417323385,"=""1-1""|=""1-0""|=""2-1""",0.433400462149532,2027-01-02,H,"=""1-0""",H,"=""1-0""",H,"=""1-0""","=""1-0""",H
2027-01-02,Liverpool,Coventry,0.6462094453609833,0.17984267273079285,0.17394788190822372,3.2725001505997455,0.6335649511274802,"=""3-0""|=""2-0""|=""4-0""",0.6462094453609833,2027-01-02,H,"=""3-0""",H,"=""3-0""",H,"=""3-0""","=""3-0""",H
2027-01-02,Man City,Spurs,0.6188787764983458,0.15821862670604991,0.2229025967956042,2.703986982110659,0.6693277942328448,"=""2-0""|=""3-0""|=""1-0""",0.6188787764983458,2027-01-02,H,"=""2-0""",H,"=""2-0""",H,"=""2-0""","=""2-0""",H
2027-01-02,Nott'm Forest,Fulham,0.4682635476851749,0.21985195320087073,0.3118844991139545,1.447982377792836,1.1146421262574662,"=""1-1""|=""1-0""|=""2-1""",0.4682635476851749,2027-01-02,H,"=""1-0""",H,"=""1-0""",H,"=""1-0""","=""1-0""",H
2027-01-02,Sunderland,Hull,0.4603494359157816,0.2899832276343525,0.24966733644986602,1.881085987359664,0.9039533230755097,"=""1-0""|=""2-0""|=""1-1""",0.4603494359157816,2027-01-02,H,"=""1-0""",H,"=""1-0""",H,"=""1-0""","=""1-0""",H
2027-01-06,Arsenal,Brentford,0.6349527904250458,0.18167807392429536,0.18336913565065882,2.3324929578891243,0.7950318162014339,"=""2-0""|=""1-0""|=""2-1""",0.6349527904250458,2027-01-06,H,"=""2-0""",H,"=""2-0""",H,"=""2-0""","=""2-0""",H
2027-01-06,Brighton,Bournemouth,0.4906171342612803,0.24968431410928574,0.2596985516294341,1.467963188377123,1.1942104459115057,"=""1-1""|=""1-0""|=""2-1""",0.4906171342612803,2027-01-06,H,"=""1-0""",H,"=""1-0""",H,"=""1-0""","=""1-0""",H
2027-01-06,Crystal Palace,Chelsea,0.3806660247523719,0.2783693350169462,0.3409646402306818,1.3153293039512257,1.4209721960017223,"=""1-1""|=""0-1""|=""1-2""",0.3806660247523719,2027-01-06,H,"=""1-0""",H,"=""1-0""",A,"=""0-1""","=""1-0""",H
2027-01-06,Everton,Aston Villa,0.3747983138004326,0.23168508507555313,0.3935166011240142,1.3006778674300725,1.334358416846576,"=""1-1""|=""0-1""|=""1-0""",0.3935166011240142,2027-01-06,A,"=""0-1""",A,"=""0-1""",A,"=""0-1""","=""0-1""",A
2027-01-06,Fulham,Spurs,0.46578400622453986,0.2680782201576952,0.2661377736177649,1.7360947133516587,0.9669361471632604,"=""1-0""|=""1-1""|=""2-0""",0.46578400622453986,2027-01-06,H,"=""1-0""",H,"=""1-0""",H,"=""1-0""","=""1-0""",H
2027-01-06,Ipswich,Coventry,0.44719538512492407,0.23989328717991767,0.31291132769515817,1.7613836439734143,1.0710364236527472,"=""1-1""|=""1-0""|=""2-1""",0.44719538512492407,2027-01-06,H,"=""1-0""",H,"=""1-0""",H,"=""1-0""","=""1-0""",H
2027-01-06,Leeds,Man City,0.26074281991506376,0.2356258853091014,0.5036312947758348,1.0251752357503197,1.7811471662014717,"=""1-1""|=""0-1""|=""1-2""",0.5036312947758348,2027-01-06,A,"=""0-1""",A,"=""0-1""",A,"=""0-1""","=""0-1""",A
2027-01-06,Man Utd,Newcastle,0.3700577203681708,0.2456048290021563,0.384337450629673,1.152243453099383,1.3655350610349177,"=""1-1""|=""0-1""|=""1-0""",0.384337450629673,2027-01-06,H,"=""1-0""",A,"=""0-1""",A,"=""0-1""","=""0-1""",A
2027-01-06,Nott'm Forest,Hull,0.5463840317733284,0.26113956675089767,0.1924764014757738,2.0537925064473472,0.8297732413136323,"=""2-0""|=""1-0""|=""2-1""",0.5463840317733284,2027-01-06,H,"=""2-0""",H,"=""2-0""",H,"=""2-0""","=""2-0""",H
2027-01-06,Sunderland,Liverpool,0.31766559735697464,0.23080306073423548,0.45153134190878985,1.0904668414200278,1.6804237472588697,"=""1-1""|=""0-1""|=""1-2""",0.45153134190878985,2027-01-06,H,"=""1-0""",A,"=""0-1""",A,"=""0-1""","=""0-1""",A
2027-01-16,Aston Villa,Man Utd,0.5409230456308138,0.2087349819424277,0.25034197242675854,2.048028407349895,0.8546546241122582,"=""2-0""|=""1-0""|=""2-1""",0.5409230456308138,2027-01-16,H,"=""2-0""",H,"=""2-0""",H,"=""2-0""","=""2-0""",H
2027-01-16,Bournemouth,Ipswich,0.5790443912780328,0.20009775217112458,0.2208578565508425,2.21030821623174,0.7861190098283136,"=""2-0""|=""1-0""|=""2-1""",0.5790443912780328,2027-01-16,H,"=""2-0""",H,"=""2-0""",H,"=""2-0""","=""2-0""",H
2027-01-16,Brentford,Brighton,0.46627740161153947,0.21452571239546242,0.31919688599299817,1.5102609259844018,1.1758163389884222,"=""1-1""|=""1-0""|=""2-1""",0.46627740161153947,2027-01-16,H,"=""1-0""",H,"=""1-0""",H,"=""1-0""","=""1-0""",H
2027-01-16,Chelsea,Sunderland,0.44357280374321284,0.2669726679566756,0.2894545283001115,1.7979905078848646,0.8935484083276237,"=""1-0""|=""2-0""|=""1-1""",0.44357280374321284,2027-01-16,H,"=""1-0""",H,"=""1-0""",H,"=""1-0""","=""1-0""",H
2027-01-16,Coventry,Everton,0.34752414455747366,0.26015662594812056,0.39231922949440584,0.8529359584569456,1.547743720065275,"=""0-1""|=""1-1""|=""0-2""",0.39231922949440584,2027-01-16,H,"=""1-0""",H,"=""1-0""",A,"=""0-1""","=""0-1""",A
2027-01-16,Hull,Arsenal,0.21418201559726427,0.22516181962115955,0.5606561647815761,0.6679448608376695,2.412971767567126,"=""0-2""|=""0-1""|=""0-3""",0.5606561647815761,2027-01-16,A,"=""0-2""",A,"=""0-2""",A,"=""0-2""","=""0-2""",A
2027-01-16,Liverpool,Crystal Palace,0.5160490376106328,0.2519146191360036,0.23203634325336348,2.061697324467399,0.8677734548486498,"=""2-0""|=""1-0""|=""2-1""",0.5160490376106328,2027-01-16,H,"=""2-0""",H,"=""2-0""",H,"=""2-0""","=""2-0""",H
2027-01-16,Man City,Nott'm Forest,0.6297292361902773,0.17999820704475883,0.19027255676496377,2.311460437153955,0.7977081050023946,"=""2-0""|=""1-0""|=""2-1""",0.6297292361902773,2027-01-16,H,"=""2-0""",H,"=""2-0""",H,"=""2-0""","=""2-0""",H
2027-01-16,Newcastle,Fulham,0.473336262477347,0.2406498908144231,0.2860138467082298,1.5514056837067562,1.075893856036197,"=""1-1""|=""1-0""|=""2-1""",0.473336262477347,2027-01-16,H,"=""1-0""",H,"=""1-0""",H,"=""1-0""","=""1-0""",H
2027-01-16,Spurs,Leeds,0.39131626660604146,0.23570200903502697,0.37298172435893157,1.2307171521588032,1.2522789594998256,"=""1-1""|=""0-1""|=""1-0""",0.39131626660604146,2027-01-16,A,"=""0-1""",H,"=""1-0""",A,"=""0-1""","=""1-0""",H
2027-01-23,Arsenal,Newcastle,0.5893303959920123,0.2051797704284314,0.20548983357955622,2.28037453529647,0.7859718571066949,"=""2-0""|=""1-0""|=""2-1""",0.5893303959920123,2027-01-23,H,"=""2-0""",H,"=""2-0""",H,"=""2-0""","=""2-0""",H
2027-01-23,Brighton,Man City,0.34253752230619244,0.23332362227629938,0.42413885541750806,1.1421603455383729,1.6670469550789366,"=""1-1""|=""0-1""|=""1-2""",0.42413885541750806,2027-01-23,A,"=""0-1""",H,"=""1-0""",A,"=""0-1""","=""0-1""",A
2027-01-23,Crystal Palace,Spurs,0.45532884426141546,0.2711744951165985,0.273496660621986,1.703234631832145,1.0019190569415846,"=""1-1""|=""1-0""|=""2-1""",0.45532884426141546,2027-01-23,H,"=""1-0""",H,"=""1-0""",H,"=""1-0""","=""1-0""",H
2027-01-23,Everton,Brentford,0.49480652949459536,0.21982445079767154,0.28536901970773315,1.4685900059615469,1.2404005803451437,"=""1-1""|=""1-0""|=""2-1""",0.49480652949459536,2027-01-23,H,"=""1-0""",H,"=""1-0""",H,"=""1-0""","=""1-0""",H
2027-01-23,Fulham,Aston Villa,0.3720941009651223,0.2572974470604786,0.3706084519743992,1.2841979048754957,1.333247150684889,"=""1-1""|=""0-1""|=""1-0""",0.3720941009651223,2027-01-23,H,"=""1-0""",A,"=""0-1""",A,"=""0-1""","=""1-0""",H
2027-01-23,Ipswich,Hull,0.44015709236231987,0.2659733378900928,0.29386956974758727,1.4949792065101826,1.0976369951230693,"=""1-1""|=""1-0""|=""2-1""",0.44015709236231987,2027-01-23,H,"=""1-0""",H,"=""1-0""",H,"=""1-0""","=""1-0""",H
2027-01-23,Leeds,Chelsea,0.3927961172906181,0.24698528036095432,0.36021860234842756,1.2994568393170243,1.3723975517915792,"=""1-1""|=""0-1""|=""1-0""",0.3927961172906181,2027-01-23,H,"=""1-0""",H,"=""1-0""",A,"=""0-1""","=""1-0""",H
2027-01-23,Man Utd,Liverpool,0.31992116733467846,0.22445743529848514,0.4556213973668364,0.9776585712986304,1.764686429179813,"=""0-1""|=""1-1""|=""0-2""",0.4556213973668364,2027-01-23,A,"=""0-1""",A,"=""0-1""",A,"=""0-1""","=""0-1""",A
2027-01-23,Nott'm Forest,Bournemouth,0.4603758239597907,0.21578035145282312,0.3238438245873861,1.3499502424479746,1.248720232993228,"=""1-1""|=""1-0""|=""0-1""",0.4603758239597907,2027-01-23,H,"=""1-0""",H,"=""1-0""",H,"=""1-0""","=""1-0""",H
2027-01-23,Sunderland,Coventry,0.4790891503216461,0.25333206117788565,0.2675787885004683,2.210728021527469,0.8783607240921093,"=""2-0""|=""1-0""|=""2-1""",0.4790891503216461,2027-01-23,H,"=""2-0""",H,"=""2-0""",H,"=""2-0""","=""2-0""",H
2027-01-30,Aston Villa,Ipswich,0.5671541352202045,0.19797783718452225,0.2348680275952732,2.3232105171394175,0.7622825937268953,"=""2-0""|=""1-0""|=""3-0""",0.5671541352202045,2027-01-30,H,"=""2-0""",H,"=""2-0""",H,"=""2-0""","=""2-0""",H
2027-01-30,Bournemouth,Fulham,0.4115513217832837,0.2776413639478321,0.3108073142688841,1.6536457402008664,1.0559566584704065,"=""1-1""|=""1-0""|=""2-1""",0.4115513217832837,2027-01-30,H,"=""1-0""",A,"=""0-1""",H,"=""1-0""","=""1-0""",H
2027-01-30,Brentford,Man Utd,0.5165448078106986,0.21941078065434771,0.2640444115349538,1.8740804654279362,0.917183711364589,"=""1-0""|=""2-0""|=""1-1""",0.5165448078106986,2027-01-30,H,"=""1-0""",H,"=""1-0""",H,"=""1-0""","=""1-0""",H
2027-01-30,Chelsea,Nott'm Forest,0.4300041353617779,0.23983381419057026,0.3301620504476519,1.7241668072139946,0.9824681514850853,"=""1-0""|=""1-1""|=""2-0""",0.4300041353617779,2027-01-30,H,"=""1-0""",A,"=""0-1""",H,"=""1-0""","=""1-0""",H
2027-01-30,Coventry,Leeds,0.3733227659831474,0.27259184905510686,0.3540853849617457,0.8640569216001454,1.4768209173606457,"=""0-1""|=""1-1""|=""0-2""",0.3733227659831474,2027-01-30,H,"=""1-0""",H,"=""1-0""",A,"=""0-1""","=""1-0""",H
2027-01-30,Hull,Crystal Palace,0.3078094946113059,0.23219549077544188,0.45999501461325226,1.0348625943303105,1.4608658431399166,"=""1-1""|=""0-1""|=""1-2""",0.45999501461325226,2027-01-30,A,"=""0-1""",A,"=""0-1""",A,"=""0-1""","=""0-1""",A
2027-01-30,Liverpool,Everton,0.5153833085241919,0.24376887924211657,0.2408478122336916,2.006720150120022,0.9016884680004502,"=""2-0""|=""1-0""|=""2-1""",0.5153833085241919,2027-01-30,H,"=""2-0""",H,"=""2-0""",H,"=""2-0""","=""2-0""",H
2027-01-30,Man City,Arsenal,0.48366508487997606,0.23701935168588487,0.27931556343413916,1.5422784234118234,1.2949208591288668,"=""1-1""|=""1-0""|=""2-1""",0.48366508487997606,2027-01-30,H,"=""1-0""",H,"=""1-0""",H,"=""1-0""","=""1-0""",H
2027-01-30,Newcastle,Brighton,0.4540940265773893,0.23395857931205594,0.31194739411055467,1.4842517039069527,1.1667700159145942,"=""1-1""|=""1-0""|=""2-1""",0.4540940265773893,2027-01-30,H,"=""1-0""",H,"=""1-0""",H,"=""1-0""","=""1-0""",H
2027-01-30,Spurs,Sunderland,0.42317029519957466,0.22173958953336154,0.35509011526706374,1.2535965350814564,1.159338898232315,"=""1-1""|=""1-0""|=""0-1""",0.42317029519957466,2027-01-30,H,"=""1-0""",H,"=""1-0""",H,"=""1-0""","=""1-0""",H
2027-02-06,Arsenal,Liverpool,0.4831135826446964,0.23218850131968127,0.2846979160356222,1.9253060542668032,1.0084669208990373,"=""1-1""|=""1-0""|=""2-1""",0.4831135826446964,2027-02-06,H,"=""1-0""",H,"=""1-0""",H,"=""1-0""","=""1-0""",H
2027-02-06,Brighton,Hull,0.5989380948371488,0.21678509399851112,0.1842768111643402,2.2239946422362173,0.7880325189235532,"=""2-0""|=""1-0""|=""2-1""",0.5989380948371488,2027-02-06,H,"=""2-0""",H,"=""2-0""",H,"=""2-0""","=""2-0""",H
2027-02-06,Crystal Palace,Coventry,0.5462688308276039,0.2389070515671049,0.21482411760529121,2.3804873169665646,0.8505439196300676,"=""2-0""|=""2-1""|=""1-0""",0.5462688308276039,2027-02-06,H,"=""2-0""",H,"=""2-0""",H,"=""2-0""","=""2-0""",H
2027-02-06,Everton,Newcastle,0.46316554032043356,0.2352637453920864,0.30157071428748006,1.437134548852364,1.2281993625306509,"=""1-1""|=""1-0""|=""2-1""",0.46316554032043356,2027-02-06,H,"=""1-0""",H,"=""1-0""",H,"=""1-0""","=""1-0""",H
2027-02-06,Fulham,Man City,0.28041073062432825,0.2321939971844677,0.4873952721912041,1.0590297543583205,1.7854032516798768,"=""1-1""|=""0-1""|=""1-2""",0.4873952721912041,2027-02-06,A,"=""0-1""",A,"=""0-1""",A,"=""0-1""","=""0-1""",A
2027-02-06,Ipswich,Spurs,0.4147587360643336,0.24708240439117407,0.3381588595444923,1.2570561058881629,1.2574234397832955,"=""1-1""|=""0-1""|=""1-0""",0.4147587360643336,2027-02-06,H,"=""1-0""",H,"=""1-0""",A,"=""0-1""","=""1-0""",H
2027-02-06,Leeds,Bournemouth,0.41040947658698396,0.22634205322139336,0.36324847019162276,1.3137478897872281,1.2697292817961738,"=""1-1""|=""1-0""|=""0-1""",0.41040947658698396,2027-02-06,H,"=""1-0""",H,"=""1-0""",H,"=""1-0""","=""1-0""",H
2027-02-06,Man Utd,Chelsea,0.35553638442349533,0.2546724787906557,0.38979113678584904,1.094784123474594,1.5387713909735792,"=""1-1""|=""0-1""|=""1-2""",0.38979113678584904,2027-02-06,A,"=""0-1""",H,"=""1-0""",A,"=""0-1""","=""0-1""",A
2027-02-06,Nott'm Forest,Brentford,0.48641799978827155,0.21468589265456098,0.2988961075571676,1.4441913651486615,1.2185983918136327,"=""1-1""|=""1-0""|=""2-1""",0.48641799978827155,2027-02-06,H,"=""1-0""",H,"=""1-0""",H,"=""1-0""","=""1-0""",H
2027-02-06,Sunderland,Aston Villa,0.34534665452751057,0.26513997871995565,0.38951336675253373,1.1691596393807564,1.4233292152371912,"=""1-1""|=""0-1""|=""1-2""",0.38951336675253373,2027-02-06,A,"=""0-1""",A,"=""0-1""",A,"=""0-1""","=""0-1""",A
2027-02-10,Aston Villa,Bournemouth,0.4656579363891684,0.2416769706867161,0.29266509292411547,1.6076984179970348,1.132126886652087,"=""1-1""|=""1-0""|=""2-1""",0.4656579363891684,2027-02-10,H,"=""1-0""",H,"=""1-0""",H,"=""1-0""","=""1-0""",H
2027-02-10,Coventry,Liverpool,0.30406104249200616,0.2410643999379575,0.4548745575700364,0.6869537145581794,2.0848773340636204,"=""0-2""|=""0-1""|=""0-3""",0.4548745575700364,2027-02-10,A,"=""0-2""",H,"=""1-0""",A,"=""0-2""","=""0-2""",A
2027-02-10,Crystal Palace,Brentford,0.45348165512459276,0.22590383477868622,0.32061451009672104,1.423722537622239,1.2845999969552806,"=""1-1""|=""1-0""|=""2-1""",0.45348165512459276,2027-02-10,H,"=""1-0""",H,"=""1-0""",H,"=""1-0""","=""1-0""",H
2027-02-10,Everton,Leeds,0.4790381322872511,0.24832818612506083,0.27263368158768797,1.534732847517948,1.1267097321715651,"=""1-1""|=""1-0""|=""2-1""",0.4790381322872511,2027-02-10,H,"=""1-0""",H,"=""1-0""",H,"=""1-0""","=""1-0""",H
2027-02-10,Fulham,Nott'm Forest,0.46269216788342143,0.25769055917719164,0.2796172729393868,1.4899796596210861,1.1597519127926428,"=""1-1""|=""1-0""|=""2-1""",0.46269216788342143,2027-02-10,H,"=""1-0""",H,"=""1-0""",H,"=""1-0""","=""1-0""",H
2027-02-10,Hull,Sunderland,0.3119143790817842,0.2785832296576352,0.4095023912605806,1.0435431176113728,1.351085543161508,"=""1-1""|=""0-1""|=""1-0""",0.4095023912605806,2027-02-10,A,"=""0-1""",A,"=""0-1""",A,"=""0-1""","=""0-1""",A
2027-02-10,Ipswich,Arsenal,0.2521613923078216,0.19847517826272992,0.5493634294294484,0.7127314554289274,2.403325329463217,"=""0-2""|=""0-1""|=""0-3""",0.5493634294294484,2027-02-10,A,"=""0-2""",A,"=""0-2""",A,"=""0-2""","=""0-2""",A
2027-02-10,Man Utd,Brighton,0.3702695791555567,0.22956002193983077,0.4001703989046124,1.1392176169789436,1.384670254467213,"=""1-1""|=""0-1""|=""1-0""",0.4001703989046124,2027-02-10,A,"=""0-1""",H,"=""1-0""",A,"=""0-1""","=""0-1""",A
2027-02-10,Newcastle,Chelsea,0.42269215513512837,0.26173927408715375,0.3155685707777178,1.4265034200052364,1.2965074299580244,"=""1-1""|=""1-0""|=""2-1""",0.42269215513512837,2027-02-10,H,"=""1-0""",H,"=""1-0""",H,"=""1-0""","=""1-0""",H
2027-02-10,Spurs,Man City,0.29449066815453123,0.2420943443804744,0.4634149874649943,0.8646611973836167,2.0002530628210566,"=""0-2""|=""0-1""|=""1-2""",0.4634149874649943,2027-02-10,A,"=""0-2""",A,"=""0-2""",A,"=""0-2""","=""0-2""",A
2027-02-20,Arsenal,Fulham,0.6153285922836057,0.1990931686143025,0.18557823910209176,2.352456323349291,0.7343898978953673,"=""2-0""|=""1-0""|=""3-0""",0.6153285922836057,2027-02-20,H,"=""2-0""",H,"=""2-0""",H,"=""2-0""","=""2-0""",H
2027-02-20,Bournemouth,Crystal Palace,0.43923413039321907,0.26491863946298205,0.2958472301437988,1.7221450540637895,1.0317022764588677,"=""1-1""|=""1-0""|=""2-1""",0.43923413039321907,2027-02-20,H,"=""1-0""",H,"=""1-0""",H,"=""1-0""","=""1-0""",H
2027-02-20,Brentford,Coventry,0.571152599986243,0.21421041564787793,0.21463698436587908,2.6253586271912224,0.781281394264867,"=""2-0""|=""3-0""|=""2-1""",0.571152599986243,2027-02-20,H,"=""2-0""",H,"=""2-0""",H,"=""2-0""","=""2-0""",H
2027-02-20,Brighton,Spurs,0.5134491654513814,0.22834278095083718,0.2582080535977814,1.8691986471854733,0.9028671980458338,"=""1-0""|=""2-0""|=""1-1""",0.5134491654513814,2027-02-20,H,"=""1-0""",H,"=""1-0""",H,"=""1-0""","=""1-0""",H
2027-02-20,Chelsea,Ipswich,0.5681321272108852,0.22683728676993445,0.2050305860191803,2.2788733190510357,0.7310456846881686,"=""2-0""|=""1-0""|=""3-0""",0.5681321272108852,2027-02-20,H,"=""2-0""",H,"=""2-0""",H,"=""2-0""","=""2-0""",H
2027-02-20,Leeds,Aston Villa,0.33843429770717653,0.23363006543282036,0.42793563686000313,1.2404273575112112,1.3252300951938447,"=""1-1""|=""0-1""|=""1-0""",0.42793563686000313,2027-02-20,A,"=""0-1""",A,"=""0-1""",A,"=""0-1""","=""0-1""",A
2027-02-20,Liverpool,Hull,0.6395052188193858,0.19992149183207808,0.16057328934853604,2.77550700345561,0.6485078152610214,"=""2-0""|=""3-0""|=""1-0""",0.6395052188193858,2027-02-20,H,"=""2-0""",H,"=""2-0""",H,"=""2-0""","=""2-0""",H
2027-02-20,Man City,Newcastle,0.6242378587622913,0.1850891118681746,0.19067302936953398,2.2185905231876006,0.8551976538541085,"=""2-0""|=""1-0""|=""2-1""",0.6242378587622913,2027-02-20,H,"=""2-0""",H,"=""2-0""",H,"=""2-0""","=""2-0""",H
2027-02-20,Nott'm Forest,Man Utd,0.4926484413711644,0.2309765807227237,0.2763749779061119,1.7261490211105002,0.9506905151853585,"=""1-0""|=""1-1""|=""2-0""",0.4926484413711644,2027-02-20,H,"=""1-0""",H,"=""1-0""",H,"=""1-0""","=""1-0""",H
2027-02-20,Sunderland,Everton,0.4379393602230663,0.2516620890845239,0.3103985506924098,1.351986518988836,1.2444855946656224,"=""1-1""|=""1-0""|=""0-1""",0.4379393602230663,2027-02-20,H,"=""1-0""",H,"=""1-0""",H,"=""1-0""","=""1-0""",H
2027-02-27,Aston Villa,Chelsea,0.41239976579740034,0.25477894659789774,0.33282128760470187,1.5864374277585265,1.2188389813648322,"=""1-1""|=""1-0""|=""2-1""",0.41239976579740034,2027-02-27,H,"=""1-0""",H,"=""1-0""",H,"=""1-0""","=""1-0""",H
2027-02-27,Coventry,Bournemouth,0.34863492483738834,0.24493395644236907,0.40643111872024257,0.7783633468674218,1.6858143449869736,"=""0-1""|=""0-2""|=""1-1""",0.40643111872024257,2027-02-27,H,"=""1-0""",H,"=""1-0""",A,"=""0-1""","=""0-1""",A
2027-02-27,Crystal Palace,Sunderland,0.42289495513890274,0.2765871202311445,0.3005179246299527,1.5131219316268407,1.078390312599718,"=""1-1""|=""1-0""|=""2-1""",0.42289495513890274,2027-02-27,H,"=""1-0""",H,"=""1-0""",H,"=""1-0""","=""1-0""",H
2027-02-27,Everton,Nott'm Forest,0.48535233494273905,0.23069892701190972,0.28394873804535126,1.5039438082246803,1.1541217177408662,"=""1-1""|=""1-0""|=""2-1""",0.48535233494273905,2027-02-27,H,"=""1-0""",H,"=""1-0""",H,"=""1-0""","=""1-0""",H
2027-02-27,Fulham,Leeds,0.44981749750564726,0.26253391528833286,0.2876485872060198,1.5163461995073948,1.1270816461808293,"=""1-1""|=""1-0""|=""2-1""",0.44981749750564726,2027-02-27,H,"=""1-0""",H,"=""1-0""",H,"=""1-0""","=""1-0""",H
2027-02-27,Hull,Man City,0.21517767897189355,0.24335676701797074,0.5414655540101357,0.7183152505972333,2.3248219909564014,"=""0-2""|=""0-1""|=""0-3""",0.5414655540101357,2027-02-27,A,"=""0-2""",A,"=""0-2""",A,"=""0-2""","=""0-2""",A
2027-02-27,Ipswich,Brighton,0.32605067785275943,0.20135138721970064,0.4725979349275399,1.0115543353372136,1.6073995709786943,"=""1-1""|=""0-1""|=""1-2""",0.4725979349275399,2027-02-27,A,"=""0-1""",A,"=""0-1""",A,"=""0-1""","=""0-1""",A
2027-02-27,Man Utd,Arsenal,0.30701735082835113,0.22057609244948603,0.47240655672216286,0.8058231875985957,2.0815687712248843,"=""0-2""|=""0-1""|=""1-2""",0.47240655672216286,2027-02-27,A,"=""0-2""",A,"=""0-2""",A,"=""0-2""","=""0-2""",A
2027-02-27,Newcastle,Brentford,0.5058647087122081,0.21457911080217487,0.279556180485617,1.542774922430022,1.170458539311948,"=""1-1""|=""1-0""|=""2-1""",0.5058647087122081,2027-02-27,H,"=""1-0""",H,"=""1-0""",H,"=""1-0""","=""1-0""",H
2027-02-27,Spurs,Liverpool,0.31897083465724013,0.22458729964325858,0.4564418656995013,0.9787723294473238,1.7641083109230051,"=""0-1""|=""1-1""|=""0-2""",0.4564418656995013,2027-02-27,A,"=""0-1""",A,"=""0-1""",A,"=""0-1""","=""0-1""",A
2027-03-03,Arsenal,Crystal Palace,0.6081391213686482,0.20128540895638186,0.19057546967496994,2.457005254627454,0.7209888582666291,"=""2-0""|=""3-0""|=""1-0""",0.6081391213686482,2027-03-03,H,"=""2-0""",H,"=""2-0""",H,"=""2-0""","=""2-0""",H
2027-03-03,Bournemouth,Spurs,0.5353060256158948,0.2312689670030567,0.23342500738104843,1.953757262291637,0.8879345766874653,"=""1-0""|=""2-0""|=""1-1""",0.5353060256158948,2027-03-03,H,"=""1-0""",H,"=""1-0""",H,"=""1-0""","=""1-0""",H
2027-03-03,Brentford,Ipswich,0.5771310567078087,0.2275796742089943,0.1952892690831969,2.135791447397954,0.8236747879646991,"=""2-0""|=""1-0""|=""2-1""",0.5771310567078087,2027-03-03,H,"=""2-0""",H,"=""2-0""",H,"=""2-0""","=""2-0""",H
2027-03-03,Brighton,Fulham,0.46382706311648764,0.25221541877635895,0.28395751810715325,1.5707203782186245,1.0616542054998637,"=""1-1""|=""1-0""|=""2-1""",0.46382706311648764,2027-03-03,H,"=""1-0""",H,"=""1-0""",H,"=""1-0""","=""1-0""",H
2027-03-03,Chelsea,Coventry,0.604022124474029,0.21173134594583803,0.18424652958013282,2.8224508989324306,0.7021857838127493,"=""2-0""|=""3-0""|=""1-0""",0.604022124474029,2027-03-03,H,"=""2-0""",H,"=""2-0""",H,"=""2-0""","=""2-0""",H
2027-03-03,Leeds,Hull,0.4948059060365917,0.3040660059417629,0.20112808802164545,1.9903552699887754,0.8378656942002494,"=""1-0""|=""2-0""|=""1-1""",0.4948059060365917,2027-03-03,H,"=""1-0""",H,"=""1-0""",H,"=""1-0""","=""1-0""",H
2027-03-03,Liverpool,Aston Villa,0.4926503722127799,0.2432877289965119,0.26406189879070824,1.7358009453925425,1.0317106914963967,"=""1-1""|=""1-0""|=""2-1""",0.4926503722127799,2027-03-03,H,"=""1-0""",H,"=""1-0""",H,"=""1-0""","=""1-0""",H
2027-03-03,Man City,Everton,0.6297484307103928,0.19320636138917965,0.17704520790042758,2.321913615519282,0.8123653205574846,"=""2-0""|=""1-0""|=""2-1""",0.6297484307103928,2027-03-03,H,"=""2-0""",H,"=""2-0""",H,"=""2-0""","=""2-0""",H
2027-03-03,Nott'm Forest,Newcastle,0.4660401528219057,0.2193406504450566,0.31461919673303773,1.4056836656422387,1.1958617617515757,"=""1-1""|=""1-0""|=""0-1""",0.4660401528219057,2027-03-03,H,"=""1-0""",H,"=""1-0""",H,"=""1-0""","=""1-0""",H
2027-03-03,Sunderland,Man Utd,0.450821766813962,0.2677871661124412,0.28139106707359673,1.5764595263027572,1.031458744704807,"=""1-1""|=""1-0""|=""2-1""",0.450821766813962,2027-03-03,H,"=""1-0""",H,"=""1-0""",H,"=""1-0""","=""1-0""",H
2027-03-13,Aston Villa,Hull,0.5796452435015016,0.23584348988641557,0.1845112666120827,2.4467808576600545,0.7527347486937812,"=""2-0""|=""1-0""|=""3-0""",0.5796452435015016,2027-03-13,H,"=""2-0""",H,"=""2-0""",H,"=""2-0""","=""2-0""",H
2027-03-13,Bournemouth,Newcastle,0.4211507833838305,0.2519443050389862,0.3269049115771832,1.6008039291433105,1.1275756603978089,"=""1-1""|=""1-0""|=""2-1""",0.4211507833838305,2027-03-13,H,"=""1-0""",H,"=""1-0""",H,"=""1-0""","=""1-0""",H
2027-03-13,Chelsea,Arsenal,0.32490749761834514,0.2704999125606471,0.4045925898210076,1.1495649448588043,1.5928738141089984,"=""1-1""|=""0-1""|=""1-2""",0.4045925898210076,2027-03-13,A,"=""0-1""",A,"=""0-1""",A,"=""0-1""","=""0-1""",A
2027-03-13,Coventry,Man City,0.23980982668670892,0.25476170955749344,0.5054284637557975,0.6107096098212638,2.3863751512864395,"=""0-2""|=""0-1""|=""0-3""",0.5054284637557975,2027-03-13,A,"=""0-2""",A,"=""0-2""",A,"=""0-2""","=""0-2""",A
2027-03-13,Crystal Palace,Fulham,0.42329414357054107,0.25006322761900074,0.32664262881045825,1.4364623271797576,1.1873787525839168,"=""1-1""|=""1-0""|=""2-1""",0.42329414357054107,2027-03-13,H,"=""1-0""",H,"=""1-0""",H,"=""1-0""","=""1-0""",H
2027-03-13,Leeds,Brighton,0.458247433134465,0.2166691999557656,0.3250833669097694,1.3481546831006763,1.2291284510645215,"=""1-1""|=""1-0""|=""0-1""",0.458247433134465,2027-03-13,H,"=""1-0""",H,"=""1-0""",H,"=""1-0""","=""1-0""",H
2027-03-13,Liverpool,Ipswich,0.6395392266340516,0.17844377305263026,0.18201700031331813,2.646958072461332,0.6615639103483645,"=""2-0""|=""3-0""|=""1-0""",0.6395392266340516,2027-03-13,H,"=""2-0""",H,"=""2-0""",H,"=""2-0""","=""2-0""",H
2027-03-13,Man Utd,Everton,0.396172811826933,0.23228158005607008,0.37154560811699683,1.2113669375121754,1.3014717358737677,"=""1-1""|=""0-1""|=""1-0""",0.396172811826933,2027-03-13,H,"=""1-0""",H,"=""1-0""",A,"=""0-1""","=""1-0""",H
2027-03-13,Spurs,Nott'm Forest,0.4148650569393442,0.23008624907924102,0.3550486939814147,1.2060337493983277,1.2782021303084303,"=""1-1""|=""0-1""|=""1-0""",0.4148650569393442,2027-03-13,H,"=""1-0""",H,"=""1-0""",A,"=""0-1""","=""1-0""",H
2027-03-13,Sunderland,Brentford,0.4555415326129727,0.22977160888874107,0.3146868584982862,1.3194249374060594,1.3219912447019069,"=""1-1""|=""0-1""|=""1-0""",0.4555415326129727,2027-03-13,H,"=""1-0""",H,"=""1-0""",A,"=""0-1""","=""1-0""",H
2027-03-20,Arsenal,Sunderland,0.6153200890012637,0.18107260509389156,0.20360730590484477,2.481035358988795,0.6683420258801159,"=""2-0""|=""3-0""|=""1-0""",0.6153200890012637,2027-03-20,H,"=""2-0""",H,"=""2-0""",H,"=""2-0""","=""2-0""",H
2027-03-20,Brentford,Bournemouth,0.46357023628355865,0.2319419146899417,0.30448784902649967,1.4785177694684881,1.224017023102823,"=""1-1""|=""1-0""|=""2-1""",0.46357023628355865,2027-03-20,H,"=""1-0""",H,"=""1-0""",H,"=""1-0""","=""1-0""",H
2027-03-20,Brighton,Coventry,0.6262264198236268,0.18624146336130012,0.18753211681507304,2.6203092123694343,0.7689350254592284,"=""2-0""|=""3-0""|=""2-1""",0.6262264198236268,2027-03-20,H,"=""2-0""",H,"=""2-0""",H,"=""2-0""","=""2-0""",H
2027-03-20,Everton,Spurs,0.47282596421245354,0.24902464547454883,0.2781493903129976,1.7537130511221959,0.9679532026495056,"=""1-0""|=""1-1""|=""2-0""",0.47282596421245354,2027-03-20,H,"=""1-0""",H,"=""1-0""",H,"=""1-0""","=""1-0""",H
2027-03-20,Fulham,Liverpool,0.337515925356567,0.21937276061556948,0.44311131402786347,1.1997308766116637,1.5783807000561207,"=""1-1""|=""0-1""|=""1-2""",0.44311131402786347,2027-03-20,A,"=""0-1""",A,"=""0-1""",A,"=""0-1""","=""0-1""",A
2027-03-20,Hull,Chelsea,0.27479421556413663,0.26308685288629813,0.46211893154956524,0.9073231240184944,1.7809183120485894,"=""0-1""|=""1-1""|=""0-2""",0.46211893154956524,2027-03-20,A,"=""0-1""",A,"=""0-1""",A,"=""0-1""","=""0-1""",A
2027-03-20,Ipswich,Crystal Palace,0.3779912978223697,0.2118720783531854,0.4101366238244449,1.0984046822745248,1.442219579822753,"=""1-1""|=""0-1""|=""1-2""",0.4101366238244449,2027-03-20,H,"=""1-0""",A,"=""0-1""",A,"=""0-1""","=""0-1""",A
2027-03-20,Man City,Man Utd,0.6237295643336123,0.15663695202759248,0.21963348363879528,2.6972224167673193,0.6698104509630858,"=""2-0""|=""3-0""|=""1-0""",0.6237295643336123,2027-03-20,H,"=""2-0""",H,"=""2-0""",H,"=""2-0""","=""2-0""",H
2027-03-20,Newcastle,Leeds,0.46541337090247176,0.24751970378911758,0.28706692530841055,1.6104579718856544,1.061201491840003,"=""1-1""|=""1-0""|=""2-1""",0.46541337090247176,2027-03-20,H,"=""1-0""",H,"=""1-0""",H,"=""1-0""","=""1-0""",H
2027-03-20,Nott'm Forest,Aston Villa,0.40048088443746055,0.22714734168075498,0.3723717738817845,1.278711517847373,1.3102949657300442,"=""1-1""|=""0-1""|=""1-0""",0.40048088443746055,2027-03-20,A,"=""0-1""",H,"=""1-0""",A,"=""0-1""","=""1-0""",H
2027-04-10,Aston Villa,Brighton,0.437802058958861,0.24637804670969082,0.31581989433144814,1.6607884345054809,1.1081035064513687,"=""1-1""|=""1-0""|=""2-1""",0.437802058958861,2027-04-10,H,"=""1-0""",H,"=""1-0""",H,"=""1-0""","=""1-0""",H
2027-04-10,Bournemouth,Man City,0.2924262252588013,0.21398577529863425,0.4935879994425643,1.1909242600443715,1.6316970712733678,"=""1-1""|=""0-1""|=""1-2""",0.4935879994425643,2027-04-10,A,"=""0-1""",A,"=""0-1""",A,"=""0-1""","=""0-1""",A
2027-04-10,Chelsea,Fulham,0.44560834309803504,0.2740928797968138,0.28029877710515116,1.704942835045342,0.9819792534480516,"=""1-0""|=""1-1""|=""2-0""",0.44560834309803504,2027-04-10,H,"=""1-0""",H,"=""1-0""",H,"=""1-0""","=""1-0""",H
2027-04-10,Coventry,Arsenal,0.24725616859061195,0.24898566226516583,0.5037581691442221,0.5649766448596648,2.455773309193554,"=""0-2""|=""0-3""|=""0-1""",0.5037581691442221,2027-04-10,A,"=""0-2""",A,"=""0-2""",A,"=""0-2""","=""0-2""",A
2027-04-10,Crystal Palace,Everton,0.4391328173721123,0.24985429173306895,0.31101289089481876,1.4571730511993952,1.2069616111784378,"=""1-1""|=""1-0""|=""2-1""",0.4391328173721123,2027-04-10,H,"=""1-0""",H,"=""1-0""",H,"=""1-0""","=""1-0""",H
2027-04-10,Leeds,Nott'm Forest,0.46989642939631787,0.23469631855823142,0.2954072520454507,1.4302755271753353,1.1409056614215374,"=""1-1""|=""1-0""|=""2-1""",0.46989642939631787,2027-04-10,H,"=""1-0""",H,"=""1-0""",H,"=""1-0""","=""1-0""",H
2027-04-10,Liverpool,Newcastle,0.5157635440972445,0.22968321497383584,0.2545532409289195,1.9150052460654723,0.9472382509979117,"=""1-0""|=""2-0""|=""1-1""",0.5157635440972445,2027-04-10,H,"=""1-0""",H,"=""1-0""",H,"=""1-0""","=""1-0""",H
2027-04-10,Man Utd,Hull,0.5060214141000722,0.2663241752567024,0.2276544106432255,1.6798323216915367,0.9384483408314428,"=""1-0""|=""1-1""|=""2-0""",0.5060214141000722,2027-04-10,H,"=""1-0""",H,"=""1-0""",H,"=""1-0""","=""1-0""",H
2027-04-10,Spurs,Brentford,0.4020057986753952,0.2132581495877542,0.38473605173685055,1.1812290317881444,1.3781977798258749,"=""1-1""|=""0-1""|=""1-0""",0.4020057986753952,2027-04-10,H,"=""1-0""",H,"=""1-0""",A,"=""0-1""","=""1-0""",H
2027-04-10,Sunderland,Ipswich,0.45778932572349335,0.2575378995417715,0.2846727747347351,1.7834669182274583,0.9131858904414536,"=""1-0""|=""1-1""|=""2-0""",0.45778932572349335,2027-04-10,H,"=""1-0""",H,"=""1-0""",H,"=""1-0""","=""1-0""",H
2027-04-17,Arsenal,Aston Villa,0.5151947618212168,0.23840362115476676,0.2464016170240164,2.0669607067195246,0.8560500980315066,"=""2-0""|=""1-0""|=""2-1""",0.5151947618212168,2027-04-17,H,"=""2-0""",H,"=""2-0""",H,"=""2-0""","=""2-0""",H
2027-04-17,Brentford,Leeds,0.4731670781874481,0.24879414405199904,0.27803877776055297,1.6370007562556788,1.0676064054907113,"=""1-1""|=""1-0""|=""2-1""",0.4731670781874481,2027-04-17,H,"=""1-0""",H,"=""1-0""",H,"=""1-0""","=""1-0""",H
2027-04-17,Brighton,Chelsea,0.4461545711147732,0.2486580419025537,0.30518738698267306,1.4496973652773846,1.2873736613331312,"=""1-1""|=""1-0""|=""2-1""",0.4461545711147732,2027-04-17,A,"=""0-1""",H,"=""1-0""",H,"=""1-0""","=""1-0""",H
2027-04-17,Everton,Bournemouth,0.4198925625615913,0.21983059999374782,0.3602768374446609,1.377239029712394,1.277979700790474,"=""1-1""|=""1-0""|=""0-1""",0.4198925625615913,2027-04-17,H,"=""1-0""",H,"=""1-0""",H,"=""1-0""","=""1-0""",H
2027-04-17,Fulham,Sunderland,0.42510876933572145,0.2674851974740249,0.3074060331902538,1.545696112893311,1.0456688793241133,"=""1-1""|=""1-0""|=""2-1""",0.42510876933572145,2027-04-17,H,"=""1-0""",H,"=""1-0""",H,"=""1-0""","=""1-0""",H
2027-04-17,Hull,Coventry,0.42294329919535506,0.25809988878028206,0.3189568120243629,1.6479368031624182,1.0723375555546892,"=""1-1""|=""1-0""|=""2-1""",0.42294329919535506,2027-04-17,H,"=""1-0""",H,"=""1-0""",H,"=""1-0""","=""1-0""",H
2027-04-17,Ipswich,Man Utd,0.40355217958375256,0.2516888751212836,0.34475894529496387,1.254196891609858,1.258247718605312,"=""1-1""|=""0-1""|=""1-0""",0.40355217958375256,2027-04-17,H,"=""1-0""",A,"=""0-1""",A,"=""0-1""","=""1-0""",H
2027-04-17,Man City,Crystal Palace,0.6264681012471113,0.2009637595307904,0.17256813922209815,2.3905612988420626,0.7845598356879909,"=""2-0""|=""1-0""|=""3-0""",0.6264681012471113,2027-04-17,H,"=""2-0""",H,"=""2-0""",H,"=""2-0""","=""2-0""",H
2027-04-17,Newcastle,Spurs,0.47847912524261965,0.2372533727565701,0.28426750200081025,1.8360006070379629,0.9097952663314811,"=""1-0""|=""2-0""|=""1-1""",0.47847912524261965,2027-04-17,H,"=""1-0""",H,"=""1-0""",H,"=""1-0""","=""1-0""",H
2027-04-17,Nott'm Forest,Liverpool,0.3437855185284161,0.2025588769200886,0.4536556045514954,1.195791780079714,1.553774677268995,"=""1-1""|=""0-1""|=""1-2""",0.4536556045514954,2027-04-17,A,"=""0-1""",A,"=""0-1""",A,"=""0-1""","=""0-1""",A
2027-04-24,Aston Villa,Coventry,0.6084018569381758,0.19000788679868358,0.20159025626314062,2.8812858883103325,0.7338521887101992,"=""2-0""|=""3-0""|=""2-1""",0.6084018569381758,2027-04-24,H,"=""2-0""",H,"=""2-0""",H,"=""2-0""","=""2-0""",H
2027-04-24,Bournemouth,Arsenal,0.2910039359305969,0.22894781791969643,0.4800482461497066,1.112893220718619,1.7075440560683794,"=""1-1""|=""0-1""|=""1-2""",0.4800482461497066,2027-04-24,A,"=""0-1""",A,"=""0-1""",A,"=""0-1""","=""0-1""",A
2027-04-24,Brentford,Fulham,0.46101393821622816,0.2401985641885812,0.2987874975951906,1.5759473906845531,1.081212995654544,"=""1-1""|=""1-0""|=""2-1""",0.46101393821622816,2027-04-24,H,"=""1-0""",H,"=""1-0""",H,"=""1-0""","=""1-0""",H
2027-04-24,Chelsea,Man City,0.30582041496129536,0.24782668102148356,0.44635290401722094,1.2365486608172416,1.5352910751531392,"=""1-1""|=""0-1""|=""1-2""",0.44635290401722094,2027-04-24,A,"=""0-1""",A,"=""0-1""",A,"=""0-1""","=""0-1""",A
2027-04-24,Everton,Brighton,0.45868702787924925,0.22268165062036288,0.318631321500388,1.4210633179053063,1.2484387350497002,"=""1-1""|=""1-0""|=""2-1""",0.45868702787924925,2027-04-24,H,"=""1-0""",H,"=""1-0""",H,"=""1-0""","=""1-0""",H
2027-04-24,Leeds,Liverpool,0.30788588014855717,0.21629264552317773,0.4758214743282651,1.158047117309016,1.5671041310225244,"=""1-1""|=""0-1""|=""1-2""",0.4758214743282651,2027-04-24,A,"=""0-1""",A,"=""0-1""",A,"=""0-1""","=""0-1""",A
2027-04-24,Man Utd,Crystal Palace,0.3950482705664024,0.22715745937596418,0.37779427005763344,1.2451779150345026,1.2502247962461555,"=""1-1""|=""0-1""|=""1-0""",0.3950482705664024,2027-04-24,H,"=""1-0""",H,"=""1-0""",A,"=""0-1""","=""1-0""",H
2027-04-24,Newcastle,Ipswich,0.569827790508342,0.21627590509879605,0.21389630439286192,2.08886817668313,0.8107725740607131,"=""2-0""|=""1-0""|=""2-1""",0.569827790508342,2027-04-24,H,"=""2-0""",H,"=""2-0""",H,"=""2-0""","=""2-0""",H
2027-04-24,Nott'm Forest,Sunderland,0.46981296250854077,0.23763131995171297,0.2925557175397462,1.5329473551987889,1.0208439538232108,"=""1-1""|=""1-0""|=""2-1""",0.46981296250854077,2027-04-24,H,"=""1-0""",H,"=""1-0""",H,"=""1-0""","=""1-0""",H
2027-04-24,Spurs,Hull,0.5060642110854082,0.2663083855355321,0.22762740337905962,1.6805975327647638,0.9383253529872231,"=""1-0""|=""1-1""|=""2-0""",0.5060642110854082,2027-04-24,H,"=""1-0""",H,"=""1-0""",H,"=""1-0""","=""1-0""",H
2027-05-01,Arsenal,Spurs,0.5779771323528317,0.17736300183901746,0.2446598658081508,2.769903950082225,0.6163347661362073,"=""2-0""|=""3-0""|=""1-0""",0.5779771323528317,2027-05-01,H,"=""2-0""",H,"=""2-0""",H,"=""2-0""","=""2-0""",H
2027-05-01,Brighton,Nott'm Forest,0.4815169898735563,0.23809552756778626,0.28038748255865736,1.6015221786022484,1.076799802652341,"=""1-1""|=""1-0""|=""2-1""",0.4815169898735563,2027-05-01,H,"=""1-0""",H,"=""1-0""",H,"=""1-0""","=""1-0""",H
2027-05-01,Coventry,Man Utd,0.3934036610940453,0.28575879637967966,0.32083754252627505,0.9888575368888738,1.2753733980269377,"=""0-1""|=""1-1""|=""0-0""",0.3934036610940453,2027-05-01,H,"=""1-0""",H,"=""1-0""",A,"=""0-1""","=""1-0""",H
2027-05-01,Crystal Palace,Aston Villa,0.34053706904325964,0.2529810891374134,0.40648184181932684,1.2640473567214854,1.3875805325468578,"=""1-1""|=""0-1""|=""1-0""",0.40648184181932684,2027-05-01,A,"=""0-1""",A,"=""0-1""",A,"=""0-1""","=""0-1""",A
2027-05-01,Fulham,Everton,0.4471253557180395,0.25474315313065654,0.298131491151304,1.485795672910909,1.1667446259393306,"=""1-1""|=""1-0""|=""2-1""",0.4471253557180395,2027-05-01,H,"=""1-0""",H,"=""1-0""",H,"=""1-0""","=""1-0""",H
2027-05-01,Hull,Bournemouth,0.32314222506390405,0.23441856040023357,0.44243921453586227,0.9232156847728697,1.6654160208423499,"=""0-1""|=""1-1""|=""0-2""",0.44243921453586227,2027-05-01,H,"=""1-0""",A,"=""0-1""",A,"=""0-1""","=""0-1""",A
2027-05-01,Ipswich,Leeds,0.36112401911413716,0.24538309555109614,0.3934928853347668,1.0959836775132077,1.458452965278255,"=""1-1""|=""0-1""|=""1-2""",0.3934928853347668,2027-05-01,H,"=""1-0""",A,"=""0-1""",A,"=""0-1""","=""0-1""",A
2027-05-01,Liverpool,Chelsea,0.46187661749696,0.23778053321356019,0.3003428492894797,1.811281889073897,1.0614717852388225,"=""1-1""|=""1-0""|=""2-1""",0.46187661749696,2027-05-01,H,"=""1-0""",H,"=""1-0""",H,"=""1-0""","=""1-0""",H
2027-05-01,Man City,Brentford,0.64341179355577,0.17656883129660667,0.18001937514762323,2.2681878879899577,0.8643517632171603,"=""2-0""|=""1-0""|=""2-1""",0.64341179355577,2027-05-01,H,"=""2-0""",H,"=""2-0""",H,"=""2-0""","=""2-0""",H
2027-05-01,Sunderland,Newcastle,0.4157323825533333,0.2586528842047137,0.32561473324195295,1.2917115119379492,1.3099111691787417,"=""1-1""|=""0-1""|=""1-0""",0.4157323825533333,2027-05-01,H,"=""1-0""",H,"=""1-0""",A,"=""0-1""","=""1-0""",H
2027-05-08,Bournemouth,Man Utd,0.5302219445527946,0.22637193280834356,0.2434061226388618,1.9495670426527534,0.8884833731725909,"=""1-0""|=""2-0""|=""1-1""",0.5302219445527946,2027-05-08,H,"=""1-0""",H,"=""1-0""",H,"=""1-0""","=""1-0""",H
2027-05-08,Brentford,Aston Villa,0.4121615815665658,0.24549455473939583,0.3423438636940384,1.3890948834142474,1.2670125758631126,"=""1-1""|=""1-0""|=""0-1""",0.4121615815665658,2027-05-08,A,"=""0-1""",H,"=""1-0""",H,"=""1-0""","=""1-0""",H
2027-05-08,Brighton,Sunderland,0.46767680447707305,0.2349233351125061,0.2973998604104208,1.6704549215661377,0.9796942960718458,"=""1-0""|=""1-1""|=""2-0""",0.46767680447707305,2027-05-08,H,"=""1-0""",H,"=""1-0""",H,"=""1-0""","=""1-0""",H
2027-05-08,Everton,Hull,0.5317965061710178,0.27865290644297086,0.18955058738601124,2.0937485741491066,0.8481631259219232,"=""2-0""|=""1-0""|=""2-1""",0.5317965061710178,2027-05-08,H,"=""2-0""",H,"=""2-0""",H,"=""2-0""","=""2-0""",H
2027-05-08,Fulham,Ipswich,0.5103550664234191,0.23906515299628034,0.25057978058030056,1.9563852409493663,0.8535270799769419,"=""1-0""|=""2-0""|=""1-1""",0.5103550664234191,2027-05-08,H,"=""1-0""",H,"=""1-0""",H,"=""1-0""","=""1-0""",H
2027-05-08,Leeds,Arsenal,0.2769208117335731,0.24287407926312796,0.48020510900329894,0.9528874546609708,1.8473927693551,"=""0-1""|=""1-1""|=""0-2""",0.48020510900329894,2027-05-08,A,"=""0-1""",A,"=""0-1""",A,"=""0-1""","=""0-1""",A
2027-05-08,Man City,Liverpool,0.4476904376843808,0.2394813588312278,0.3128282034843914,1.871606979441705,1.0957922089380479,"=""1-1""|=""2-1""|=""1-0""",0.4476904376843808,2027-05-08,H,"=""2-1""",H,"=""2-1""",H,"=""2-1""","=""2-1""",H
2027-05-08,Newcastle,Coventry,0.5766500212705162,0.2219072316706988,0.2014427470587849,2.5879373748134684,0.7791729902510768,"=""2-0""|=""3-0""|=""2-1""",0.5766500212705162,2027-05-08,H,"=""2-0""",H,"=""2-0""",H,"=""2-0""","=""2-0""",H
2027-05-08,Nott'm Forest,Crystal Palace,0.45747915278988865,0.231547098825899,0.31097374838421227,1.5267939777620811,1.1117800721063664,"=""1-1""|=""1-0""|=""2-1""",0.45747915278988865,2027-05-08,H,"=""1-0""",H,"=""1-0""",H,"=""1-0""","=""1-0""",H
2027-05-08,Spurs,Chelsea,0.3610007085829969,0.2559342582790989,0.38306503313790435,1.098029770094182,1.537461054707585,"=""1-1""|=""0-1""|=""1-2""",0.38306503313790435,2027-05-08,A,"=""0-1""",H,"=""1-0""",A,"=""0-1""","=""0-1""",A
2027-05-15,Arsenal,Nott'm Forest,0.5922490928543458,0.18770051478306807,0.22005039236258606,2.3836433043462217,0.7371547359794778,"=""2-0""|=""1-0""|=""3-0""",0.5922490928543458,2027-05-15,H,"=""2-0""",H,"=""2-0""",H,"=""2-0""","=""2-0""",H
2027-05-15,Aston Villa,Newcastle,0.4315855076922337,0.25281672609569844,0.31559776621206787,1.6715144730501317,1.0814458869852748,"=""1-1""|=""1-0""|=""2-1""",0.4315855076922337,2027-05-15,H,"=""1-0""",H,"=""1-0""",H,"=""1-0""","=""1-0""",H
2027-05-15,Chelsea,Everton,0.4324210120314404,0.264385888730773,0.30319309923778653,1.7321486813350675,1.0006977854430397,"=""1-1""|=""1-0""|=""2-1""",0.4324210120314404,2027-05-15,H,"=""1-0""",A,"=""0-1""",H,"=""1-0""","=""1-0""",H
2027-05-15,Coventry,Spurs,0.3933721441857817,0.2857596835779616,0.32086817223625674,0.9884072894487109,1.2755405633116645,"=""0-1""|=""1-1""|=""0-0""",0.3933721441857817,2027-05-15,H,"=""1-0""",H,"=""1-0""",A,"=""0-1""","=""1-0""",H
2027-05-15,Crystal Palace,Brighton,0.41821101559956275,0.2369243255268972,0.34486465887354006,1.377006444063652,1.2919223536471187,"=""1-1""|=""1-0""|=""0-1""",0.41821101559956275,2027-05-15,A,"=""0-1""",H,"=""1-0""",H,"=""1-0""","=""1-0""",H
2027-05-15,Hull,Fulham,0.3336476977685974,0.24575305769936856,0.420599244532034,0.9954603802751764,1.4996219754410571,"=""0-1""|=""1-1""|=""0-2""",0.420599244532034,2027-05-15,A,"=""0-1""",A,"=""0-1""",A,"=""0-1""","=""0-1""",A
2027-05-15,Ipswich,Man City,0.22608426134758372,0.21073613175287903,0.5631796068995373,0.7685702176765792,2.326056074802379,"=""0-2""|=""0-1""|=""0-3""",0.5631796068995373,2027-05-15,A,"=""0-2""",A,"=""0-2""",A,"=""0-2""","=""0-2""",A
2027-05-15,Liverpool,Brentford,0.530943580685996,0.21364112724543843,0.25541529206856556,1.9566026881883858,0.9563899223055904,"=""1-0""|=""2-0""|=""1-1""",0.530943580685996,2027-05-15,H,"=""1-0""",H,"=""1-0""",H,"=""1-0""","=""1-0""",H
2027-05-15,Man Utd,Leeds,0.39357184223905356,0.241337521359585,0.36509063640136147,1.2354906251044118,1.2508846525245683,"=""1-1""|=""0-1""|=""1-0""",0.39357184223905356,2027-05-15,A,"=""0-1""",H,"=""1-0""",A,"=""0-1""","=""1-0""",H
2027-05-15,Sunderland,Bournemouth,0.37218832850210104,0.2511238841803934,0.37668778731750546,1.2385054938541225,1.3641562905301803,"=""1-1""|=""0-1""|=""1-0""",0.37668778731750546,2027-05-15,A,"=""0-1""",H,"=""1-0""",A,"=""0-1""","=""0-1""",A
2027-05-23,Bournemouth,Chelsea,0.43079102557731896,0.25034346107286976,0.3188655133498112,1.5151151960827853,1.2649699582735665,"=""1-1""|=""1-0""|=""2-1""",0.43079102557731896,2027-05-23,H,"=""1-0""",H,"=""1-0""",H,"=""1-0""","=""1-0""",H
2027-05-23,Brentford,Hull,0.5734143768158896,0.24810838111530215,0.17847724206880822,2.228280346937431,0.8006855257281995,"=""2-0""|=""1-0""|=""2-1""",0.5734143768158896,2027-05-23,H,"=""2-0""",H,"=""2-0""",H,"=""2-0""","=""2-0""",H
2027-05-23,Brighton,Liverpool,0.40541575790573026,0.20771732416689362,0.3868669179273761,1.2939853619031907,1.4738985309142383,"=""1-1""|=""0-1""|=""1-2""",0.40541575790573026,2027-05-23,A,"=""0-1""",H,"=""1-0""",A,"=""0-1""","=""1-0""",H
2027-05-23,Everton,Arsenal,0.29117242659271697,0.2500619957307586,0.4587655776765244,0.9997934803775894,1.862046434906253,"=""0-1""|=""1-1""|=""0-2""",0.4587655776765244,2027-05-23,A,"=""0-1""",A,"=""0-1""",A,"=""0-1""","=""0-1""",A
2027-05-23,Fulham,Coventry,0.5406876551509,0.24278239553618952,0.21652994931291045,2.4301593498648955,0.8238469184466563,"=""2-0""|=""2-1""|=""1-0""",0.5406876551509,2027-05-23,H,"=""2-0""",H,"=""2-0""",H,"=""2-0""","=""2-0""",H
2027-05-23,Leeds,Sunderland,0.4990984517318978,0.22530234813724898,0.2755992001308532,1.4939231416087135,1.0404367452052725,"=""1-1""|=""1-0""|=""2-1""",0.4990984517318978,2027-05-23,H,"=""1-0""",H,"=""1-0""",H,"=""1-0""","=""1-0""",H
2027-05-23,Man City,Aston Villa,0.5067097469674811,0.24097305364899632,0.25231719938352254,2.011155907368786,0.9316001184885693,"=""2-0""|=""1-0""|=""2-1""",0.5067097469674811,2027-05-23,H,"=""2-0""",H,"=""2-0""",H,"=""2-0""","=""2-0""",H
2027-05-23,Newcastle,Crystal Palace,0.4865284398913919,0.2521507356237019,0.2613208244849062,1.624648379866171,1.0609267088356427,"=""1-1""|=""1-0""|=""2-1""",0.4865284398913919,2027-05-23,H,"=""1-0""",H,"=""1-0""",H,"=""1-0""","=""1-0""",H
2027-05-23,Nott'm Forest,Ipswich,0.5407631382060104,0.2241068875410654,0.23512997425292415,1.9685460476412042,0.8535976692924451,"=""1-0""|=""2-0""|=""1-1""",0.5407631382060104,2027-05-23,H,"=""1-0""",H,"=""1-0""",H,"=""1-0""","=""1-0""",H
2027-05-23,Spurs,Man Utd,0.4493037532266435,0.2537120985069021,0.2969841482664543,1.4095983911709136,1.0756954366550646,"=""1-1""|=""1-0""|=""0-1""",0.4493037532266435,2027-05-23,H,"=""1-0""",H,"=""1-0""",H,"=""1-0""","=""1-0""",H
2027-05-30,Arsenal,Brighton,0.567887946333937,0.20737596479984086,0.22473608886622212,2.247568670834473,0.7946186978195633,"=""2-0""|=""1-0""|=""2-1""",0.567887946333937,2027-05-30,H,"=""2-0""",H,"=""2-0""",H,"=""2-0""","=""2-0""",H
2027-05-30,Aston Villa,Spurs,0.5408995115500016,0.2078487573829433,0.251251731067055,2.0391203513402636,0.8557274274560576,"=""2-0""|=""1-0""|=""2-1""",0.5408995115500016,2027-05-30,H,"=""2-0""",H,"=""2-0""",H,"=""2-0""","=""2-0""",H
2027-05-30,Chelsea,Brentford,0.5046157487234376,0.20861930997320224,0.2867649413033601,1.6845184321147508,1.056836255188997,"=""1-1""|=""1-0""|=""2-1""",0.5046157487234376,2027-05-30,H,"=""1-0""",H,"=""1-0""",H,"=""1-0""","=""1-0""",H
2027-05-30,Coventry,Nott'm Forest,0.36170133923796277,0.25245932735360244,0.3858393334084348,0.8465156567296706,1.5121350994343523,"=""0-1""|=""1-1""|=""0-2""",0.3858393334084348,2027-05-30,H,"=""1-0""",H,"=""1-0""",A,"=""0-1""","=""0-1""",A
2027-05-30,Crystal Palace,Leeds,0.42837921578653354,0.26857226652330124,0.3030485176901652,1.4853523478855342,1.1636050577129426,"=""1-1""|=""1-0""|=""2-1""",0.42837921578653354,2027-05-30,H,"=""1-0""",H,"=""1-0""",H,"=""1-0""","=""1-0""",H
2027-05-30,Hull,Newcastle,0.3095568185611709,0.24101049361023252,0.4494326878285967,0.9623389619387915,1.5977039894007932,"=""0-1""|=""1-1""|=""0-2""",0.4494326878285967,2027-05-30,A,"=""0-1""",A,"=""0-1""",A,"=""0-1""","=""0-1""",A
2027-05-30,Ipswich,Everton,0.3422787998174052,0.23139160780999155,0.42632959237260326,1.0781432425532156,1.5197182043189883,"=""1-1""|=""0-1""|=""1-2""",0.42632959237260326,2027-05-30,H,"=""1-0""",A,"=""0-1""",A,"=""0-1""","=""0-1""",A
2027-05-30,Liverpool,Bournemouth,0.5203891813372766,0.2319438466335791,0.24766697202914426,1.8398585597685069,0.9898064948025802,"=""1-0""|=""1-1""|=""2-0""",0.5203891813372766,2027-05-30,H,"=""1-0""",H,"=""1-0""",H,"=""1-0""","=""1-0""",H
2027-05-30,Man Utd,Fulham,0.39190791309671247,0.23301096258114695,0.3750811243221405,1.192488836093103,1.2710770172898094,"=""1-1""|=""0-1""|=""1-0""",0.39190791309671247,2027-05-30,H,"=""1-0""",H,"=""1-0""",A,"=""0-1""","=""1-0""",H
2027-05-30,Sunderland,Man City,0.26299124444553473,0.23051895107946294,0.5064898044750024,0.9636289751757666,1.9042812748504732,"=""0-1""|=""1-1""|=""0-2""",0.5064898044750024,2027-05-30,A,"=""0-1""",A,"=""0-1""",A,"=""0-1""","=""0-1""",A
