fixture_date,home_team,away_team,home_win,draw,away_win,predicted_result,expected_home_goals,expected_away_goals,top_scores,confidence,prediction_basis_date,catboost_predicted_result,catboost_predicted_score,xgboost_predicted_result,xgboost_predicted_score,poisson_predicted_result,poisson_predicted_score,ensemble_predicted_score
2026-08-21,Arsenal,Coventry,0.6309207609701616,0.17431614129265277,0.19476309773718567,H,3.902010036927509,0.5268563416458878,"=""3-0""|=""4-0""|=""2-0""",0.6309207609701616,2026-08-21,H,"=""3-0""",H,"=""3-0""",H,"=""3-0""","=""3-0"""
2026-08-22,Brentford,Spurs,0.5167063090091084,0.22213718943033173,0.26115650156055986,H,1.883921488916159,0.9158023503246839,"=""2-0""|=""1-0""|=""2-1""",0.5167063090091084,2026-08-22,H,"=""1-0""",H,"=""1-0""",H,"=""1-0""","=""2-0"""
2026-08-22,Everton,Crystal Palace,0.4764058909923588,0.24789429294813528,0.2756998160595059,H,1.551856238962907,1.1307829657435045,"=""1-0""|=""2-1""|=""2-0""",0.4764058909923588,2026-08-22,H,"=""1-0""",H,"=""1-0""",H,"=""1-0""","=""1-0"""
2026-08-22,Hull,Man Utd,0.37781615838902194,0.26049732943435855,0.3616865121766195,D,1.1825369394104306,1.2569725337468873,"=""1-1""|=""0-1""|=""1-0""",0.37781615838902194,2026-08-22,H,"=""1-0""",A,"=""0-1""",A,"=""0-1""","=""1-1"""
2026-08-22,Ipswich,Sunderland,0.33801742332246426,0.23454838178949755,0.42743419488803813,D,1.1181908746752371,1.3551088237491107,"=""1-1""|=""0-1""|=""1-2""",0.42743419488803813,2026-08-22,A,"=""0-1""",A,"=""0-1""",A,"=""0-1""","=""1-1"""
2026-08-22,Nott'm Forest,Leeds,0.4577747622681371,0.249891144566413,0.2923340931654499,H,1.5088136871410274,1.1063909600783033,"=""1-0""|=""2-1""|=""2-0""",0.4577747622681371,2026-08-22,H,"=""1-0""",H,"=""1-0""",H,"=""1-0""","=""1-0"""
2026-08-23,Brighton,Aston Villa,0.451720780033959,0.23698671601610105,0.31129250394993996,D,1.3817823236968227,1.2400473962863274,"=""1-1""|=""1-0""|=""2-1""",0.451720780033959,2026-08-23,H,"=""1-0""",H,"=""1-0""",H,"=""1-0""","=""1-1"""
2026-08-23,Man City,Bournemouth,0.5894493766538682,0.2069277659268266,0.20362285741930528,H,2.135038763374692,0.8960799131197463,"=""2-0""|=""2-1""|=""1-0""",0.5894493766538682,2026-08-23,H,"=""2-0""",H,"=""2-0""",H,"=""2-0""","=""2-0"""
2026-08-23,Newcastle,Liverpool,0.33298982165237845,0.21883124337204063,0.4481789349755809,D,1.2722310886104204,1.482314875086538,"=""1-1""|=""0-1""|=""1-2""",0.4481789349755809,2026-08-23,H,"=""1-0""",A,"=""0-1""",A,"=""0-1""","=""1-1"""
2026-08-24,Fulham,Chelsea,0.3905165487679435,0.27529884002316235,0.3341846112088942,D,1.3413691622961497,1.37397112811227,"=""1-1""|=""1-0""|=""2-1""",0.3905165487679435,2026-08-24,H,"=""1-0""",H,"=""1-0""",A,"=""0-1""","=""1-1"""
2026-08-28,Crystal Palace,Man City,0.2560943363112775,0.23610434413661535,0.5078013195521072,A,1.0395112010713885,1.8495597587058785,"=""0-1""|=""1-2""|=""0-2""",0.5078013195521072,2026-08-28,A,"=""0-1""",A,"=""0-1""",A,"=""0-1""","=""0-1"""
2026-08-29,Bournemouth,Everton,0.4422359576706745,0.26458126200196963,0.29318278032735595,H,1.6800188115057988,1.076070179114898,"=""1-0""|=""2-1""|=""2-0""",0.4422359576706745,2026-08-29,H,"=""1-0""",H,"=""1-0""",H,"=""1-0""","=""1-0"""
2026-08-29,Coventry,Hull,0.4105350144218441,0.31178302572849514,0.2776819598496608,D,1.1792365958849098,1.1124308360102795,"=""0-0""|=""1-1""|=""1-0""",0.4105350144218441,2026-08-29,H,"=""1-0""",H,"=""1-0""",H,"=""1-0""","=""0-0"""
2026-08-29,Liverpool,Nott'm Forest,0.5434269116638031,0.21330142089990095,0.2432716674362959,H,1.9969974107936024,0.8849115047685656,"=""2-0""|=""1-0""|=""2-1""",0.5434269116638031,2026-08-29,H,"=""1-0""",H,"=""1-0""",H,"=""1-0""","=""2-0"""
2026-08-29,Spurs,Newcastle,0.3749793525333671,0.24641349141712904,0.37860715604950385,D,1.147380971161154,1.3671979480728482,"=""1-1""|=""0-1""|=""1-0""",0.37860715604950385,2026-08-29,A,"=""0-1""",H,"=""1-0""",A,"=""0-1""","=""1-1"""
2026-08-30,Chelsea,Brighton,0.4490263853052053,0.23482085530503347,0.3161527593897613,H,1.6307631006989232,1.064510025215416,"=""1-0""|=""2-1""|=""2-0""",0.4490263853052053,2026-08-30,H,"=""1-0""",H,"=""1-0""",H,"=""1-0""","=""1-0"""
2026-08-30,Leeds,Brentford,0.48866184064330065,0.2195272313157695,0.2918109280409299,H,1.399583397773788,1.2304829038495322,"=""1-0""|=""1-1""|=""2-1""",0.48866184064330065,2026-08-30,H,"=""1-0""",H,"=""1-0""",H,"=""1-0""","=""1-0"""
2026-08-30,Man Utd,Ipswich,0.4714230247385772,0.24325547854002974,0.28532149672139306,H,1.5851267544125922,0.954000963518594,"=""1-0""|=""2-0""|=""2-1""",0.4714230247385772,2026-08-30,H,"=""1-0""",H,"=""1-0""",H,"=""1-0""","=""1-0"""
2026-08-30,Sunderland,Fulham,0.4432777000727369,0.24499129147710913,0.31173100845015395,D,1.3273062287097233,1.215946469283251,"=""1-1""|=""1-0""|=""2-1""",0.4432777000727369,2026-08-30,H,"=""1-0""",H,"=""1-0""",H,"=""1-0""","=""1-1"""
2026-08-31,Aston Villa,Arsenal,0.331179906184806,0.2595037033153147,0.4093163904998793,A,1.1657698347121452,1.6464219290649846,"=""0-1""|=""1-1""|=""1-2""",0.4093163904998793,2026-08-31,A,"=""0-1""",A,"=""0-1""",A,"=""0-1""","=""0-1"""
2026-09-04,Ipswich,Liverpool,0.27617361316663863,0.20335235290606252,0.520474033927299,A,0.8686084198739987,2.0481975786180042,"=""0-2""|=""0-1""|=""1-2""",0.520474033927299,2026-09-04,A,"=""0-2""",A,"=""0-2""",A,"=""0-2""","=""0-2"""
2026-09-05,Brentford,Sunderland,0.4731892793372796,0.24823375902400252,0.278576961638718,H,1.66667385025374,0.9885016866079886,"=""1-0""|=""2-0""|=""2-1""",0.4731892793372796,2026-09-05,H,"=""1-0""",H,"=""1-0""",H,"=""1-0""","=""1-0"""
2026-09-05,Brighton,Leeds,0.4758661355104795,0.25524280877769784,0.26889105571182265,H,1.6389962537660607,1.0562496667189862,"=""1-0""|=""2-1""|=""2-0""",0.4758661355104795,2026-09-05,H,"=""1-0""",H,"=""1-0""",H,"=""1-0""","=""1-0"""
2026-09-05,Fulham,Crystal Palace,0.44856413272357787,0.2546066785945252,0.2968291886818969,H,1.5266116579073008,1.122995261774495,"=""1-0""|=""2-1""|=""1-1""",0.44856413272357787,2026-09-05,H,"=""1-0""",H,"=""1-0""",H,"=""1-0""","=""1-0"""
2026-09-05,Hull,Aston Villa,0.285749151040995,0.24156043894329754,0.47269041001570733,A,0.8681056521031113,1.726324390205087,"=""0-1""|=""0-2""|=""1-2""",0.47269041001570733,2026-09-05,A,"=""0-1""",A,"=""0-1""",A,"=""0-1""","=""0-1"""
2026-09-05,Man City,Coventry,0.6767484542172291,0.16774488691019646,0.15550665887257445,H,3.76867937382417,0.5663342735782518,"=""3-0""|=""4-0""|=""2-0""",0.6767484542172291,2026-09-05,H,"=""3-0""",H,"=""3-0""",H,"=""3-0""","=""3-0"""
2026-09-05,Newcastle,Bournemouth,0.45228307472030166,0.24476377695143436,0.30295314832826403,D,1.4437638116465679,1.2016945964165877,"=""1-1""|=""1-0""|=""2-1""",0.45228307472030166,2026-09-05,H,"=""1-0""",H,"=""1-0""",H,"=""1-0""","=""1-1"""
2026-09-05,Nott'm Forest,Spurs,0.48819970730390755,0.2353210851314943,0.27647920756459815,H,1.7356084129935714,0.949196485557249,"=""1-0""|=""2-0""|=""2-1""",0.48819970730390755,2026-09-05,H,"=""1-0""",H,"=""1-0""",H,"=""1-0""","=""1-0"""
2026-09-06,Arsenal,Chelsea,0.58966798693793,0.2181661587836297,0.19216585427844035,H,2.1593637350013255,0.8824593559697756,"=""2-0""|=""1-0""|=""2-1""",0.58966798693793,2026-09-06,H,"=""2-0""",H,"=""2-0""",H,"=""2-0""","=""2-0"""
2026-09-06,Everton,Man Utd,0.47789644946059345,0.2465297782350353,0.27557377230437125,H,1.76487293581242,0.9661877955523771,"=""1-0""|=""2-0""|=""2-1""",0.47789644946059345,2026-09-06,H,"=""1-0""",H,"=""1-0""",H,"=""1-0""","=""1-0"""
2026-09-12,Aston Villa,Nott'm Forest,0.479245679184141,0.23777363038752874,0.2829806904283303,H,1.7527460807650015,1.0196333665156374,"=""1-0""|=""2-1""|=""2-0""",0.479245679184141,2026-09-12,H,"=""1-0""",H,"=""1-0""",H,"=""1-0""","=""1-0"""
2026-09-12,Bournemouth,Brentford,0.4781668904683466,0.23479245775582355,0.2870406517758299,H,1.6266614631782697,1.1281554112326633,"=""1-0""|=""2-1""|=""2-0""",0.4781668904683466,2026-09-12,H,"=""1-0""",H,"=""1-0""",H,"=""1-0""","=""1-0"""
2026-09-12,Chelsea,Hull,0.5652314786857132,0.22896375526396376,0.2058047660503231,H,2.4116815434217522,0.7277062976210805,"=""2-0""|=""3-0""|=""1-0""",0.5652314786857132,2026-09-12,H,"=""2-0""",H,"=""2-0""",H,"=""2-0""","=""2-0"""
2026-09-12,Crystal Palace,Ipswich,0.47904878456361677,0.26150822371921933,0.2594429917171639,H,1.9406454310751713,0.8998301415301792,"=""2-0""|=""1-0""|=""2-1""",0.47904878456361677,2026-09-12,H,"=""1-0""",H,"=""1-0""",H,"=""1-0""","=""2-0"""
2026-09-12,Liverpool,Fulham,0.5434184147208541,0.24275824112560723,0.21382334415353874,H,1.9715214495725042,0.8820783550351794,"=""2-0""|=""1-0""|=""2-1""",0.5434184147208541,2026-09-12,H,"=""1-0""",H,"=""1-0""",H,"=""1-0""","=""2-0"""
2026-09-12,Spurs,Everton,0.3907035722020397,0.23835470048064078,0.37094172731731956,D,1.2042162056511918,1.3036910991907595,"=""1-1""|=""0-1""|=""1-0""",0.3907035722020397,2026-09-12,H,"=""1-0""",H,"=""1-0""",A,"=""0-1""","=""1-1"""
2026-09-12,Sunderland,Arsenal,0.27123500278252205,0.25352800191035874,0.4752369953071193,A,0.8975599563309767,1.982010877908041,"=""0-1""|=""0-2""|=""1-2""",0.4752369953071193,2026-09-12,A,"=""0-1""",A,"=""0-1""",A,"=""0-1""","=""0-1"""
2026-09-13,Coventry,Brighton,0.32674820314309505,0.24174199897288884,0.4315097978840161,A,0.8012632866581416,1.640473177100458,"=""0-1""|=""0-2""|=""1-2""",0.4315097978840161,2026-09-13,A,"=""0-1""",H,"=""1-0""",A,"=""0-1""","=""0-1"""
2026-09-13,Man Utd,Man City,0.2846473422092978,0.23567583039661888,0.47967682739408335,A,0.8604523182091879,2.003063885244227,"=""0-2""|=""0-1""|=""1-2""",0.47967682739408335,2026-09-13,A,"=""0-2""",A,"=""0-2""",A,"=""0-2""","=""0-2"""
2026-09-14,Leeds,Newcastle,0.4017860558872127,0.2522929899873494,0.3459209541254379,D,1.3671269156940438,1.2147091849514207,"=""1-1""|=""1-0""|=""2-1""",0.4017860558872127,2026-09-14,H,"=""1-0""",H,"=""1-0""",H,"=""1-0""","=""1-1"""
2026-09-18,Brentford,Chelsea,0.40958197570471744,0.2439714024418353,0.3464466218534473,D,1.4551991584050608,1.3121079603533552,"=""1-1""|=""2-1""|=""1-0""",0.40958197570471744,2026-09-18,A,"=""0-1""",H,"=""1-0""",H,"=""1-0""","=""1-1"""
2026-09-19,Brighton,Arsenal,0.33817433667207225,0.2360481488118342,0.4257775145160936,A,1.066827456698715,1.7431848311979905,"=""0-1""|=""1-2""|=""0-2""",0.4257775145160936,2026-09-19,A,"=""0-1""",H,"=""1-0""",A,"=""0-1""","=""0-1"""
2026-09-19,Everton,Ipswich,0.517141352787863,0.24497875136310115,0.23787989584903588,H,1.9867580653357841,0.8580226947114468,"=""2-0""|=""1-0""|=""2-1""",0.517141352787863,2026-09-19,H,"=""1-0""",H,"=""1-0""",H,"=""1-0""","=""2-0"""
2026-09-19,Leeds,Crystal Palace,0.4807221419133674,0.24190031950845187,0.2773775385781808,H,1.4767433870058166,1.1189724671245316,"=""1-0""|=""2-1""|=""2-0""",0.4807221419133674,2026-09-19,H,"=""1-0""",H,"=""1-0""",H,"=""1-0""","=""1-0"""
2026-09-19,Man City,Sunderland,0.6343620545604012,0.18322853132256287,0.18240941411703604,H,2.412635087235579,0.7266157111317946,"=""2-0""|=""3-0""|=""1-0""",0.6343620545604012,2026-09-19,H,"=""2-0""",H,"=""2-0""",H,"=""2-0""","=""2-0"""
2026-09-19,Newcastle,Hull,0.5553882091810696,0.26052270131434646,0.18408908950458397,H,2.188478339424592,0.7936632250922672,"=""2-0""|=""1-0""|=""2-1""",0.5553882091810696,2026-09-19,H,"=""2-0""",H,"=""2-0""",H,"=""2-0""","=""2-0"""
2026-09-19,Nott'm Forest,Coventry,0.5581174477368568,0.22321320756541038,0.2186693446977328,H,2.4223139486768255,0.81107811017369,"=""2-0""|=""2-1""|=""3-0""",0.5581174477368568,2026-09-19,H,"=""2-0""",H,"=""2-0""",H,"=""2-0""","=""2-0"""
2026-09-19,Spurs,Aston Villa,0.36892972029926047,0.24545531780343638,0.3856149618973031,A,1.041175955783912,1.4899128256753031,"=""0-1""|=""1-1""|=""1-2""",0.3856149618973031,2026-09-19,A,"=""0-1""",H,"=""1-0""",A,"=""0-1""","=""0-1"""
2026-09-20,Bournemouth,Liverpool,0.3796723715443199,0.21577103235565284,0.40455659610002737,D,1.3498598371544186,1.4437635244800227,"=""1-1""|=""0-1""|=""1-2""",0.40455659610002737,2026-09-20,A,"=""0-1""",H,"=""1-0""",A,"=""0-1""","=""1-1"""
2026-09-20,Fulham,Man Utd,0.46667534775297825,0.2552556243196359,0.27806902792738586,H,1.7422048183094714,0.9659590128514746,"=""1-0""|=""2-0""|=""2-1""",0.46667534775297825,2026-09-20,H,"=""1-0""",H,"=""1-0""",H,"=""1-0""","=""1-0"""
2026-10-10,Arsenal,Leeds,0.6449567617639702,0.18201969924111872,0.17302353899491102,H,2.4348217123486946,0.7208191670840299,"=""2-0""|=""3-0""|=""1-0""",0.6449567617639702,2026-10-10,H,"=""2-0""",H,"=""2-0""",H,"=""2-0""","=""2-0"""
2026-10-10,Aston Villa,Brentford,0.4833382078424927,0.22846246934290093,0.28819932281460636,H,1.712978884268079,1.097388960110845,"=""2-1""|=""1-0""|=""2-0""",0.4833382078424927,2026-10-10,H,"=""1-0""",H,"=""1-0""",H,"=""1-0""","=""2-1"""
2026-10-10,Chelsea,Bournemouth,0.46228482432564727,0.2499404574085866,0.28777471826576617,H,1.584894129660583,1.094780731894244,"=""1-0""|=""2-1""|=""2-0""",0.46228482432564727,2026-10-10,H,"=""1-0""",H,"=""1-0""",H,"=""1-0""","=""1-0"""
2026-10-10,Coventry,Newcastle,0.3372925899210022,0.2501369645132076,0.41257044556579026,A,0.8083781546860191,1.6074267774286453,"=""0-1""|=""0-2""|=""1-1""",0.41257044556579026,2026-10-10,A,"=""0-1""",H,"=""1-0""",A,"=""0-1""","=""0-1"""
2026-10-10,Crystal Palace,Nott'm Forest,0.4545979036717707,0.24435196989541275,0.3010501264328164,D,1.450073780286209,1.184451453714606,"=""1-1""|=""1-0""|=""2-1""",0.4545979036717707,2026-10-10,H,"=""1-0""",H,"=""1-0""",H,"=""1-0""","=""1-1"""
2026-10-10,Hull,Everton,0.296903981809002,0.24413536365763508,0.45896065453336293,A,1.007012742528108,1.517322647820565,"=""0-1""|=""1-2""|=""0-2""",0.45896065453336293,2026-10-10,A,"=""0-1""",A,"=""0-1""",A,"=""0-1""","=""0-1"""
2026-10-10,Ipswich,Fulham,0.31847897563078564,0.23483610707271385,0.4466849172965006,A,1.0617622244300715,1.4925848141644373,"=""0-1""|=""1-2""|=""1-1""",0.4466849172965006,2026-10-10,A,"=""0-1""",A,"=""0-1""",A,"=""0-1""","=""0-1"""
2026-10-10,Liverpool,Man City,0.3847158063759569,0.22684711372966826,0.38843707989437487,D,1.4321118194787141,1.382668156205333,"=""1-1""|=""2-1""|=""1-0""",0.38843707989437487,2026-10-10,H,"=""1-0""",A,"=""0-1""",H,"=""1-0""","=""1-1"""
2026-10-10,Man Utd,Spurs,0.44652845541967867,0.25804077370208206,0.2954307708782393,D,1.4095983911709136,1.0756954366550646,"=""1-1""|=""1-0""|=""2-1""",0.44652845541967867,2026-10-10,H,"=""1-0""",H,"=""1-0""",H,"=""1-0""","=""1-1"""
2026-10-10,Sunderland,Brighton,0.379576998539872,0.23050662940059438,0.3899163720595337,D,1.2696106961586648,1.3182340207021308,"=""1-1""|=""0-1""|=""1-0""",0.3899163720595337,2026-10-10,H,"=""1-0""",A,"=""0-1""",A,"=""0-1""","=""1-1"""
2026-10-17,Bournemouth,Sunderland,0.44080556935546,0.25174888891455954,0.30744554172998045,H,1.7393423872272757,0.9566915687377501,"=""1-0""|=""2-0""|=""2-1""",0.44080556935546,2026-10-17,H,"=""1-0""",H,"=""1-0""",H,"=""1-0""","=""1-0"""
2026-10-17,Brentford,Liverpool,0.35099073523738183,0.20140318328670226,0.44760608147591596,D,1.295754599306913,1.4961711992370195,"=""1-1""|=""0-1""|=""1-2""",0.44760608147591596,2026-10-17,A,"=""0-1""",A,"=""0-1""",A,"=""0-1""","=""1-1"""
2026-10-17,Brighton,Crystal Palace,0.4639947637639515,0.24474835335385342,0.2912568828821951,H,1.6462543224476034,1.0483474436775615,"=""1-0""|=""2-1""|=""2-0""",0.4639947637639515,2026-10-17,H,"=""1-0""",H,"=""1-0""",H,"=""1-0""","=""1-0"""
2026-10-17,Everton,Chelsea,0.40688695900838134,0.25692497861633046,0.3361880623752883,D,1.3614847296100658,1.3800108409982796,"=""1-1""|=""2-1""|=""1-0""",0.40688695900838134,2026-10-17,H,"=""1-0""",H,"=""1-0""",A,"=""0-1""","=""1-1"""
2026-10-17,Fulham,Hull,0.5026440659850322,0.28318948671100647,0.21416644730396148,H,2.053977646337018,0.8384361868757161,"=""2-0""|=""1-0""|=""2-1""",0.5026440659850322,2026-10-17,H,"=""2-0""",H,"=""2-0""",H,"=""2-0""","=""2-0"""
2026-10-17,Leeds,Man Utd,0.44607319049520994,0.2532905972939948,0.30063621221079523,H,1.6797026974510247,0.958830554163365,"=""1-0""|=""2-0""|=""2-1""",0.44607319049520994,2026-10-17,H,"=""1-0""",H,"=""1-0""",H,"=""1-0""","=""1-0"""
2026-10-17,Man City,Ipswich,0.638992667109479,0.1811515880340419,0.17985574485647907,H,3.062699155995442,0.5960235024260515,"=""2-0""|=""3-0""|=""4-0""",0.638992667109479,2026-10-17,H,"=""3-0""",H,"=""3-0""",H,"=""3-0""","=""2-0"""
2026-10-17,Newcastle,Aston Villa,0.38351155031368817,0.2310118092666473,0.38547664041966445,D,1.3679944858248367,1.2615955006700053,"=""1-1""|=""1-0""|=""2-1""",0.38547664041966445,2026-10-17,H,"=""1-0""",A,"=""0-1""",H,"=""1-0""","=""1-1"""
2026-10-17,Nott'm Forest,Arsenal,0.28412131765791815,0.23220771138895335,0.4836709709531285,A,0.9824343180785885,1.8269979306258417,"=""0-1""|=""1-2""|=""0-2""",0.4836709709531285,2026-10-17,A,"=""0-1""",A,"=""0-1""",A,"=""0-1""","=""0-1"""
2026-10-17,Spurs,Coventry,0.5161220392924428,0.22790895093006475,0.2559690097774925,H,1.967942413606698,0.917207029715473,"=""2-0""|=""1-0""|=""2-1""",0.5161220392924428,2026-10-17,H,"=""1-0""",H,"=""1-0""",H,"=""1-0""","=""2-0"""
2026-10-24,Arsenal,Everton,0.6110263243604206,0.20155131488734615,0.1874223607522333,H,2.3923602088690696,0.7496227745497958,"=""2-0""|=""3-0""|=""1-0""",0.6110263243604206,2026-10-24,H,"=""2-0""",H,"=""2-0""",H,"=""2-0""","=""2-0"""
2026-10-24,Aston Villa,Man City,0.3370047520980471,0.24067646656625463,0.4223187813356984,D,1.2508474927290962,1.580308458768137,"=""1-1""|=""0-1""|=""1-2""",0.4223187813356984,2026-10-24,A,"=""0-1""",A,"=""0-1""",A,"=""0-1""","=""1-1"""
2026-10-24,Chelsea,Spurs,0.48596105633699743,0.21712046401177545,0.29691847965122703,H,2.021205683474028,0.8235736523327699,"=""2-0""|=""1-0""|=""2-1""",0.48596105633699743,2026-10-24,H,"=""2-0""",A,"=""0-1""",H,"=""2-0""","=""2-0"""
2026-10-24,Coventry,Fulham,0.33146107923280965,0.26462609764332906,0.40391282312386134,A,0.8357626333297832,1.5074322409367964,"=""0-1""|=""0-2""|=""1-1""",0.40391282312386134,2026-10-24,A,"=""0-1""",H,"=""1-0""",A,"=""0-1""","=""0-1"""
2026-10-24,Crystal Palace,Newcastle,0.4071803460963672,0.2540892126847258,0.33873044121890694,D,1.3903177351837244,1.2675426494530644,"=""1-1""|=""1-0""|=""2-1""",0.4071803460963672,2026-10-24,H,"=""1-0""",H,"=""1-0""",H,"=""1-0""","=""1-1"""
2026-10-24,Hull,Brentford,0.3449570964369296,0.23375951487333113,0.42128338868973925,A,0.9835352391559208,1.613939263135455,"=""0-1""|=""1-2""|=""0-2""",0.42128338868973925,2026-10-24,H,"=""1-0""",A,"=""0-1""",A,"=""0-1""","=""0-1"""
2026-10-24,Ipswich,Nott'm Forest,0.34286498557320705,0.21647531601938164,0.44065969840741137,A,1.0653291058409382,1.4739137021541118,"=""0-1""|=""1-2""|=""0-2""",0.44065969840741137,2026-10-24,A,"=""0-1""",A,"=""0-1""",A,"=""0-1""","=""0-1"""
2026-10-24,Liverpool,Brighton,0.49328328903368324,0.23650390274041114,0.27021280822590565,H,1.8895833994553595,0.9594576220589834,"=""2-0""|=""1-0""|=""2-1""",0.49328328903368324,2026-10-24,H,"=""1-0""",H,"=""1-0""",H,"=""1-0""","=""2-0"""
2026-10-24,Man Utd,Bournemouth,0.37783173950673365,0.2323587841116388,0.38980947638162766,D,1.1027419633264683,1.4243940032026325,"=""1-1""|=""0-1""|=""1-2""",0.38980947638162766,2026-10-24,A,"=""0-1""",H,"=""1-0""",A,"=""0-1""","=""1-1"""
2026-10-24,Sunderland,Leeds,0.4371916844210014,0.26711616471937205,0.2956921508596265,D,1.3736582508103803,1.1933030783786582,"=""1-1""|=""1-0""|=""2-1""",0.4371916844210014,2026-10-24,H,"=""1-0""",H,"=""1-0""",H,"=""1-0""","=""1-1"""
2026-10-31,Aston Villa,Fulham,0.47003889282855416,0.26797908290974387,0.261982024261702,H,1.728669230057372,1.0146902645410283,"=""1-0""|=""2-1""|=""2-0""",0.47003889282855416,2026-10-31,H,"=""1-0""",H,"=""1-0""",H,"=""1-0""","=""1-0"""
2026-10-31,Bournemouth,Leeds,0.44430875823760063,0.2611485570103062,0.29454268475209316,H,1.7083755186085898,1.0332506870758889,"=""1-0""|=""2-1""|=""2-0""",0.44430875823760063,2026-10-31,H,"=""1-0""",H,"=""1-0""",H,"=""1-0""","=""1-0"""
2026-10-31,Brentford,Nott'm Forest,0.4712481535847777,0.2359496756442647,0.29280217077095766,H,1.601249232217898,1.0902781384235254,"=""1-0""|=""2-1""|=""2-0""",0.4712481535847777,2026-10-31,H,"=""1-0""",H,"=""1-0""",H,"=""1-0""","=""1-0"""
2026-10-31,Chelsea,Man Utd,0.4859346915777233,0.21713266323165994,0.2969326451906168,H,2.020745482552756,0.823627624139513,"=""2-0""|=""1-0""|=""2-1""",0.4859346915777233,2026-10-31,H,"=""2-0""",A,"=""0-1""",H,"=""2-0""","=""2-0"""
2026-10-31,Coventry,Sunderland,0.3519321410043871,0.26814120013770626,0.3799266588579067,A,0.8820267163980884,1.3733728440148918,"=""0-1""|=""1-1""|=""0-0""",0.3799266588579067,2026-10-31,A,"=""0-1""",H,"=""1-0""",A,"=""0-1""","=""0-1"""
2026-10-31,Hull,Ipswich,0.38106555460877667,0.2690966756262417,0.3498377697649816,D,1.3294447544655452,1.1148534977303155,"=""1-1""|=""1-0""|=""2-1""",0.38106555460877667,2026-10-31,H,"=""1-0""",A,"=""0-1""",H,"=""1-0""","=""1-1"""
2026-10-31,Liverpool,Arsenal,0.3738698714755026,0.2561735977756655,0.36995653074883195,D,1.3334807215520523,1.4383130976263616,"=""1-1""|=""0-1""|=""2-1""",0.3738698714755026,2026-10-31,A,"=""0-1""",H,"=""1-0""",A,"=""0-1""","=""1-1"""
2026-10-31,Man City,Brighton,0.5728893994303188,0.21427424619688906,0.2128363543727922,H,2.1917203680626764,0.8679315230136869,"=""2-0""|=""1-0""|=""2-1""",0.5728893994303188,2026-10-31,H,"=""2-0""",H,"=""2-0""",H,"=""2-0""","=""2-0"""
2026-10-31,Newcastle,Everton,0.44934267761895846,0.24009835451281752,0.31055896786822396,H,1.5793882214026087,1.1001426797999354,"=""1-0""|=""2-1""|=""2-0""",0.44934267761895846,2026-10-31,H,"=""1-0""",H,"=""1-0""",H,"=""1-0""","=""1-0"""
2026-10-31,Spurs,Crystal Palace,0.3924185291021101,0.23055699488692588,0.37702447601096406,D,1.2381094966747705,1.2522747034302313,"=""1-1""|=""1-0""|=""0-1""",0.3924185291021101,2026-10-31,H,"=""1-0""",H,"=""1-0""",A,"=""0-1""","=""1-1"""
2026-11-07,Arsenal,Hull,0.6385592339642645,0.1848542172986925,0.17658654873704308,H,3.3226167874528407,0.5428698657998475,"=""3-0""|=""2-0""|=""4-0""",0.6385592339642645,2026-11-07,H,"=""3-0""",H,"=""3-0""",H,"=""3-0""","=""3-0"""
2026-11-07,Brighton,Brentford,0.514374624690565,0.22516395855792212,0.2604614167515129,H,1.5678122555980594,1.1621546291531253,"=""1-0""|=""2-1""|=""2-0""",0.514374624690565,2026-11-07,H,"=""1-0""",H,"=""1-0""",H,"=""1-0""","=""1-0"""
2026-11-07,Crystal Palace,Liverpool,0.31173835260289806,0.2301680128082712,0.4580936345888307,A,1.1773005778773609,1.6343616637475997,"=""0-1""|=""1-2""|=""0-2""",0.4580936345888307,2026-11-07,A,"=""0-1""",A,"=""0-1""",A,"=""0-1""","=""0-1"""
2026-11-07,Everton,Coventry,0.5528266260179548,0.21771437726633242,0.2294589967157127,H,2.455506456232632,0.8212791328185688,"=""2-0""|=""2-1""|=""3-0""",0.5528266260179548,2026-11-07,H,"=""2-0""",H,"=""2-0""",H,"=""2-0""","=""2-0"""
2026-11-07,Fulham,Newcastle,0.397671514592181,0.24873449709021844,0.3535939883176006,D,1.4187998843462184,1.2269954039468576,"=""1-1""|=""1-0""|=""2-1""",0.397671514592181,2026-11-07,H,"=""1-0""",H,"=""1-0""",H,"=""1-0""","=""1-1"""
2026-11-07,Ipswich,Bournemouth,0.2997960361080488,0.20382543561582045,0.4963785282761308,A,0.9867714610767018,1.6633952710294777,"=""0-1""|=""1-2""|=""0-2""",0.4963785282761308,2026-11-07,A,"=""0-1""",A,"=""0-1""",A,"=""0-1""","=""0-1"""
2026-11-07,Leeds,Spurs,0.4474182370476878,0.25410822991632603,0.2984735330359861,H,1.6785556225934768,0.9590190735823089,"=""1-0""|=""2-0""|=""2-1""",0.4474182370476878,2026-11-07,H,"=""1-0""",H,"=""1-0""",H,"=""1-0""","=""1-0"""
2026-11-07,Man Utd,Aston Villa,0.36906585361055294,0.2454619388334746,0.38547220755597245,A,1.0428368989228918,1.4892295285794526,"=""0-1""|=""1-1""|=""1-2""",0.38547220755597245,2026-11-07,A,"=""0-1""",H,"=""1-0""",A,"=""0-1""","=""0-1"""
2026-11-07,Nott'm Forest,Man City,0.28290129635627553,0.2175865544494115,0.49951214919431297,A,1.057702167301558,1.7635337984591755,"=""0-1""|=""1-2""|=""0-2""",0.49951214919431297,2026-11-07,A,"=""0-1""",A,"=""0-1""",A,"=""0-1""","=""0-1"""
2026-11-07,Sunderland,Chelsea,0.367778315138965,0.26205652410674535,0.37016516075428973,D,1.2211530522704825,1.4666918413110905,"=""1-1""|=""0-1""|=""1-2""",0.37016516075428973,2026-11-07,H,"=""1-0""",H,"=""1-0""",A,"=""0-1""","=""1-1"""
2026-11-21,Aston Villa,Sunderland,0.5017446090884446,0.24747827763991215,0.25077711327164315,H,1.8229275064727755,0.9232426023985709,"=""1-0""|=""2-0""|=""2-1""",0.5017446090884446,2026-11-21,H,"=""1-0""",H,"=""1-0""",H,"=""1-0""","=""1-0"""
2026-11-21,Bournemouth,Nott'm Forest,0.44175766299670105,0.2706834173713589,0.2875589196319401,H,1.67808372681111,1.0625829401608269,"=""1-0""|=""2-1""|=""2-0""",0.44175766299670105,2026-11-21,H,"=""1-0""",H,"=""1-0""",H,"=""1-0""","=""1-0"""
2026-11-21,Brentford,Everton,0.45255984182417053,0.24951535288301901,0.29792480529281046,H,1.6083300982192288,1.1101265971579073,"=""1-0""|=""2-1""|=""2-0""",0.45255984182417053,2026-11-21,H,"=""1-0""",H,"=""1-0""",H,"=""1-0""","=""1-0"""
2026-11-21,Chelsea,Leeds,0.4704341345373531,0.2614789828360139,0.268086882626633,H,1.7603863294189088,0.9599702812956333,"=""1-0""|=""2-0""|=""2-1""",0.4704341345373531,2026-11-21,H,"=""1-0""",H,"=""1-0""",H,"=""1-0""","=""1-0"""
2026-11-21,Coventry,Crystal Palace,0.3506910054604717,0.27031402741433946,0.37899496712518876,A,0.8755455642261042,1.4873842475087513,"=""0-1""|=""1-1""|=""0-2""",0.37899496712518876,2026-11-21,H,"=""1-0""",H,"=""1-0""",A,"=""0-1""","=""0-1"""
2026-11-21,Hull,Brighton,0.3063691620353097,0.22313711079113102,0.47049372717355936,A,0.9503772715565135,1.6206234802957278,"=""0-1""|=""0-2""|=""1-2""",0.47049372717355936,2026-11-21,A,"=""0-1""",A,"=""0-1""",A,"=""0-1""","=""0-1"""
2026-11-21,Liverpool,Man Utd,0.6157030168258645,0.15926532794264128,0.22503165523149427,H,2.3376830441953382,0.741342280046756,"=""2-0""|=""3-0""|=""1-0""",0.6157030168258645,2026-11-21,H,"=""2-0""",H,"=""2-0""",H,"=""2-0""","=""2-0"""
2026-11-21,Man City,Fulham,0.6323990087933512,0.20182582689017053,0.1657751643164783,H,2.2866198728649785,0.7978523290034859,"=""2-0""|=""1-0""|=""3-0""",0.6323990087933512,2026-11-21,H,"=""2-0""",H,"=""2-0""",H,"=""2-0""","=""2-0"""
2026-11-21,Newcastle,Arsenal,0.30602516433665583,0.2737666773832025,0.4202081582801417,A,1.0477110280813668,1.749852865966899,"=""0-1""|=""1-2""|=""1-1""",0.4202081582801417,2026-11-21,A,"=""0-1""",A,"=""0-1""",A,"=""0-1""","=""0-1"""
2026-11-21,Spurs,Ipswich,0.46941542904919864,0.24617494737595114,0.2844096235748502,H,1.5894124063921642,0.9532599767862003,"=""1-0""|=""2-0""|=""2-1""",0.46941542904919864,2026-11-21,H,"=""1-0""",H,"=""1-0""",H,"=""1-0""","=""1-0"""
2026-11-28,Arsenal,Man City,0.4310054024484945,0.22612837244412193,0.34286622510738357,H,1.7042783547512577,1.1460716701493152,"=""2-1""|=""1-0""|=""2-0""",0.4310054024484945,2026-11-28,H,"=""1-0""",H,"=""1-0""",H,"=""1-0""","=""2-1"""
2026-11-28,Brighton,Newcastle,0.4643400568406308,0.24033664383883385,0.2953232993205354,H,1.5330243468443825,1.149215724324397,"=""1-0""|=""2-1""|=""2-0""",0.4643400568406308,2026-11-28,H,"=""1-0""",H,"=""1-0""",H,"=""1-0""","=""1-0"""
2026-11-28,Crystal Palace,Hull,0.5219272309671411,0.26558554202487433,0.21248722700798464,H,2.0275142953829897,0.8767526271079821,"=""2-0""|=""1-0""|=""2-1""",0.5219272309671411,2026-11-28,H,"=""2-0""",H,"=""2-0""",H,"=""2-0""","=""2-0"""
2026-11-28,Everton,Liverpool,0.33391432809204613,0.21426825628941887,0.45181741561853506,A,1.2154534571155948,1.580403305321114,"=""0-1""|=""1-2""|=""0-2""",0.45181741561853506,2026-11-28,A,"=""0-1""",A,"=""0-1""",A,"=""0-1""","=""0-1"""
2026-11-28,Fulham,Bournemouth,0.42686478421689594,0.24939653440523973,0.3237386813778643,D,1.3568792079421859,1.2723685946410088,"=""1-1""|=""1-0""|=""2-1""",0.42686478421689594,2026-11-28,H,"=""1-0""",H,"=""1-0""",H,"=""1-0""","=""1-1"""
2026-11-28,Ipswich,Aston Villa,0.3095339060925645,0.22724416172278292,0.4632219321846527,A,0.9288402960238175,1.7272407739330264,"=""0-1""|=""0-2""|=""1-2""",0.4632219321846527,2026-11-28,A,"=""0-1""",A,"=""0-1""",A,"=""0-1""","=""0-1"""
2026-11-28,Leeds,Coventry,0.5187547338303609,0.25101084692714665,0.23023441924249252,H,2.3511863686765473,0.8211344824926464,"=""2-0""|=""2-1""|=""1-0""",0.5187547338303609,2026-11-28,H,"=""2-0""",H,"=""2-0""",H,"=""2-0""","=""2-0"""
2026-11-28,Man Utd,Brentford,0.3953457701122046,0.21915486053102795,0.38549936935676743,D,1.176129445127343,1.3799148412329114,"=""1-1""|=""0-1""|=""1-0""",0.3953457701122046,2026-11-28,H,"=""1-0""",H,"=""1-0""",A,"=""0-1""","=""1-1"""
2026-11-28,Nott'm Forest,Chelsea,0.39658818005332935,0.2524772913261674,0.3509345286205032,D,1.3391418510689106,1.3562207725117,"=""1-1""|=""1-0""|=""2-1""",0.39658818005332935,2026-11-28,A,"=""0-1""",H,"=""1-0""",A,"=""0-1""","=""1-1"""
2026-11-28,Sunderland,Spurs,0.4568255168567594,0.2630880961942833,0.28008638694895743,H,1.5813389221260354,1.0305418180394545,"=""1-0""|=""2-1""|=""2-0""",0.4568255168567594,2026-11-28,H,"=""1-0""",H,"=""1-0""",H,"=""1-0""","=""1-0"""
2026-12-02,Aston Villa,Everton,0.4559747006180138,0.25253663024203443,0.29148866913995175,H,1.7600050370541749,1.037712805343463,"=""1-0""|=""2-1""|=""2-0""",0.4559747006180138,2026-12-02,H,"=""1-0""",H,"=""1-0""",H,"=""1-0""","=""1-0"""
2026-12-02,Bournemouth,Brighton,0.43223884690121034,0.26190921384737853,0.3058519392514111,H,1.5800782129421735,1.1427536696330807,"=""1-0""|=""2-1""|=""1-1""",0.43223884690121034,2026-12-02,H,"=""1-0""",H,"=""1-0""",H,"=""1-0""","=""1-0"""
2026-12-02,Brentford,Arsenal,0.29098845701993037,0.22725411725589392,0.4817574257241757,A,1.0659008036396878,1.7629524859967929,"=""0-1""|=""1-2""|=""0-2""",0.4817574257241757,2026-12-02,A,"=""0-1""",A,"=""0-1""",A,"=""0-1""","=""0-1"""
2026-12-02,Chelsea,Crystal Palace,0.42752884185179213,0.29716820680695194,0.2753029513412559,H,1.7842288858897757,0.9672304037482351,"=""1-0""|=""2-0""|=""2-1""",0.42752884185179213,2026-12-02,H,"=""1-0""",H,"=""1-0""",H,"=""1-0""","=""1-0"""
2026-12-02,Coventry,Ipswich,0.4051080042868783,0.27223104576356977,0.3226609499495519,D,1.1208551648640153,1.1285084300330372,"=""0-0""|=""1-1""|=""1-0""",0.4051080042868783,2026-12-02,H,"=""1-0""",H,"=""1-0""",A,"=""0-1""","=""0-0"""
2026-12-02,Hull,Nott'm Forest,0.32211832213319114,0.25691821498859246,0.4209634628782164,A,1.0051036507841031,1.4964469938924987,"=""0-1""|=""1-1""|=""1-2""",0.4209634628782164,2026-12-02,A,"=""0-1""",A,"=""0-1""",A,"=""0-1""","=""0-1"""
2026-12-02,Liverpool,Sunderland,0.5464561808220727,0.22812524208347038,0.22541857709445698,H,2.0824387299537257,0.8047799710705889,"=""2-0""|=""1-0""|=""2-1""",0.5464561808220727,2026-12-02,H,"=""2-0""",H,"=""2-0""",H,"=""2-0""","=""2-0"""
2026-12-02,Man City,Leeds,0.6621511399039678,0.1859878302555859,0.15186102984044636,H,2.3627389220254704,0.7809385074774088,"=""2-0""|=""3-0""|=""1-0""",0.6621511399039678,2026-12-02,H,"=""2-0""",H,"=""2-0""",H,"=""2-0""","=""2-0"""
2026-12-02,Newcastle,Man Utd,0.48089590618967754,0.25104355670610395,0.2680605371042186,H,1.8441412957528909,0.9086376666877597,"=""1-0""|=""2-0""|=""2-1""",0.48089590618967754,2026-12-02,H,"=""1-0""",H,"=""1-0""",H,"=""1-0""","=""1-0"""
2026-12-02,Spurs,Fulham,0.383461476588105,0.24841335305417597,0.3681251703577191,D,1.1855652369921816,1.2732087908497358,"=""1-1""|=""0-1""|=""1-0""",0.383461476588105,2026-12-02,H,"=""1-0""",A,"=""0-1""",A,"=""0-1""","=""1-1"""
2026-12-05,Aston Villa,Crystal Palace,0.4862375766240371,0.24113374608871552,0.27262867728724743,H,1.8022184686662637,0.9931653521399534,"=""1-0""|=""2-0""|=""2-1""",0.4862375766240371,2026-12-05,H,"=""1-0""",H,"=""1-0""",H,"=""1-0""","=""1-0"""
2026-12-05,Bournemouth,Hull,0.5688450510660408,0.22857659921612947,0.2025783497178297,H,2.3254354518514333,0.7749193572982728,"=""2-0""|=""1-0""|=""2-1""",0.5688450510660408,2026-12-05,H,"=""2-0""",H,"=""2-0""",H,"=""2-0""","=""2-0"""
2026-12-05,Brentford,Man City,0.2945435722472664,0.22095821422155446,0.48449821353117917,A,1.1443613229460756,1.6938138155317157,"=""0-1""|=""1-2""|=""0-2""",0.48449821353117917,2026-12-05,A,"=""0-1""",A,"=""0-1""",A,"=""0-1""","=""0-1"""
2026-12-05,Chelsea,Liverpool,0.3907728273869028,0.22495011684014482,0.38427705577295246,D,1.3975313040447501,1.351944287524737,"=""1-1""|=""2-1""|=""1-0""",0.3907728273869028,2026-12-05,H,"=""1-0""",A,"=""0-1""",H,"=""1-0""","=""1-1"""
2026-12-05,Everton,Fulham,0.44774970056009716,0.254839741243744,0.29741055819615897,D,1.4831210750073485,1.148315705946203,"=""1-1""|=""1-0""|=""2-1""",0.44774970056009716,2026-12-05,H,"=""1-0""",H,"=""1-0""",H,"=""1-0""","=""1-1"""
2026-12-05,Leeds,Ipswich,0.49592783242930966,0.26109760908322405,0.24297455848746638,H,1.8957858092545752,0.8529463190853422,"=""2-0""|=""1-0""|=""2-1""",0.49592783242930966,2026-12-05,H,"=""1-0""",H,"=""1-0""",H,"=""1-0""","=""2-0"""
2026-12-05,Man Utd,Coventry,0.5163209546183919,0.22826212233337545,0.25541692304823266,H,1.971081787342357,0.9167863843670351,"=""2-0""|=""1-0""|=""2-1""",0.5163209546183919,2026-12-05,H,"=""1-0""",H,"=""1-0""",H,"=""1-0""","=""2-0"""
2026-12-05,Newcastle,Sunderland,0.4687008868227772,0.2531813846703184,0.27811772850690436,H,1.635988876623831,0.9789208095256552,"=""1-0""|=""2-0""|=""2-1""",0.4687008868227772,2026-12-05,H,"=""1-0""",H,"=""1-0""",H,"=""1-0""","=""1-0"""
2026-12-05,Nott'm Forest,Brighton,0.4581606076573299,0.2146198425733667,0.32721954976930334,D,1.392581894929945,1.21938272738557,"=""1-1""|=""1-0""|=""2-1""",0.4581606076573299,2026-12-05,H,"=""1-0""",H,"=""1-0""",H,"=""1-0""","=""1-1"""
2026-12-05,Spurs,Arsenal,0.2924270844960419,0.23084754359485907,0.47672537190909914,A,0.8036242434676371,2.0832063155455645,"=""0-2""|=""0-1""|=""1-2""",0.47672537190909914,2026-12-05,A,"=""0-2""",A,"=""0-2""",A,"=""0-2""","=""0-2"""
2026-12-12,Arsenal,Bournemouth,0.5518820248882595,0.22092636540631277,0.22719160970542768,H,2.1884233629985506,0.8197535043866906,"=""2-0""|=""1-0""|=""2-1""",0.5518820248882595,2026-12-12,H,"=""2-0""",H,"=""2-0""",H,"=""2-0""","=""2-0"""
2026-12-12,Brighton,Everton,0.45358191480728394,0.25713577797941584,0.28928230721330017,H,1.6029956806349792,1.0900447693902005,"=""1-0""|=""2-1""|=""2-0""",0.45358191480728394,2026-12-12,H,"=""1-0""",H,"=""1-0""",H,"=""1-0""","=""1-0"""
2026-12-12,Coventry,Aston Villa,0.318948952564657,0.25419202172617983,0.42685902570916323,A,0.7322836127099491,1.7489938756960988,"=""0-1""|=""0-2""|=""1-2""",0.42685902570916323,2026-12-12,A,"=""0-1""",H,"=""1-0""",A,"=""0-1""","=""0-1"""
2026-12-12,Crystal Palace,Man Utd,0.4513126136345493,0.2727566854220973,0.27593070094335354,H,1.7055633067469211,1.0015251906693465,"=""1-0""|=""2-1""|=""2-0""",0.4513126136345493,2026-12-12,H,"=""1-0""",H,"=""1-0""",H,"=""1-0""","=""1-0"""
2026-12-12,Fulham,Brentford,0.459182535700391,0.24045530345765262,0.3003621608419563,D,1.4534304013116721,1.2442787779712672,"=""1-1""|=""1-0""|=""2-1""",0.459182535700391,2026-12-12,H,"=""1-0""",H,"=""1-0""",H,"=""1-0""","=""1-1"""
2026-12-12,Hull,Spurs,0.3829981760290059,0.26094321044754376,0.35605861352345036,D,1.1782363279845667,1.2582911661775062,"=""1-1""|=""1-0""|=""0-1""",0.3829981760290059,2026-12-12,H,"=""1-0""",A,"=""0-1""",A,"=""0-1""","=""1-1"""
2026-12-12,Ipswich,Newcastle,0.33259057798205094,0.22935807612594994,0.4380513458919991,A,1.0242860158248348,1.5846670977796482,"=""0-1""|=""1-2""|=""0-2""",0.4380513458919991,2026-12-12,A,"=""0-1""",A,"=""0-1""",A,"=""0-1""","=""0-1"""
2026-12-12,Liverpool,Leeds,0.5490740554331063,0.21899600469046024,0.2319299398764335,H,2.043011538009778,0.8675187606537746,"=""2-0""|=""1-0""|=""2-1""",0.5490740554331063,2026-12-12,H,"=""2-0""",H,"=""2-0""",H,"=""2-0""","=""2-0"""
2026-12-12,Man City,Chelsea,0.5329621094723569,0.22069135822207767,0.2463465323055655,H,2.0958160941921,0.956349061350565,"=""2-0""|=""2-1""|=""1-0""",0.5329621094723569,2026-12-12,H,"=""2-0""",H,"=""2-0""",H,"=""2-0""","=""2-0"""
2026-12-12,Sunderland,Nott'm Forest,0.44084383253975534,0.25249837310111334,0.3066577943591313,D,1.3511878447857535,1.2300371592451294,"=""1-1""|=""1-0""|=""2-1""",0.44084383253975534,2026-12-12,H,"=""1-0""",H,"=""1-0""",H,"=""1-0""","=""1-1"""
2026-12-19,Arsenal,Man Utd,0.5871164031573664,0.17730216060450038,0.2355814362381332,H,2.7819139931043275,0.6155678458820546,"=""2-0""|=""3-0""|=""1-0""",0.5871164031573664,2026-12-19,H,"=""2-0""",H,"=""2-0""",H,"=""2-0""","=""2-0"""
2026-12-19,Bournemouth,Coventry,0.602762465310508,0.1986417208084914,0.19859581388100053,H,2.739826716097634,0.7561396534078828,"=""2-0""|=""3-0""|=""2-1""",0.602762465310508,2026-12-19,H,"=""2-0""",H,"=""2-0""",H,"=""2-0""","=""2-0"""
2026-12-19,Brentford,Newcastle,0.4461784524140781,0.22941875358196934,0.3244027940039525,H,1.5292694546327048,1.1591874845979855,"=""1-0""|=""2-1""|=""2-0""",0.4461784524140781,2026-12-19,H,"=""1-0""",H,"=""1-0""",H,"=""1-0""","=""1-0"""
2026-12-19,Brighton,Ipswich,0.5942573776458697,0.19252903563417198,0.21321358671995833,H,2.1227679294749042,0.8050204842701637,"=""2-0""|=""1-0""|=""2-1""",0.5942573776458697,2026-12-19,H,"=""2-0""",H,"=""2-0""",H,"=""2-0""","=""2-0"""
2026-12-19,Chelsea,Aston Villa,0.4135333913613688,0.26363530446744365,0.32283130417118755,H,1.4975562989413507,1.1440530018083745,"=""1-0""|=""1-1""|=""2-1""",0.4135333913613688,2026-12-19,H,"=""1-0""",H,"=""1-0""",H,"=""1-0""","=""1-0"""
2026-12-19,Leeds,Fulham,0.4480213818548111,0.23970595365156952,0.31227266449361935,D,1.4096433039064524,1.1340547518163653,"=""1-1""|=""1-0""|=""2-1""",0.4480213818548111,2026-12-19,H,"=""1-0""",H,"=""1-0""",H,"=""1-0""","=""1-1"""
2026-12-19,Liverpool,Spurs,0.6122453296956134,0.16060884285517613,0.22714582744921044,H,2.3355547372419823,0.7415366306818771,"=""2-0""|=""3-0""|=""1-0""",0.6122453296956134,2026-12-19,H,"=""2-0""",H,"=""2-0""",H,"=""2-0""","=""2-0"""
2026-12-19,Man City,Hull,0.6457106748973765,0.1962846411482434,0.15800468395438014,H,3.2256025066933476,0.588558108247975,"=""3-0""|=""2-0""|=""4-0""",0.6457106748973765,2026-12-19,H,"=""3-0""",H,"=""3-0""",H,"=""3-0""","=""3-0"""
2026-12-19,Nott'm Forest,Everton,0.4658485309640144,0.2199555752844909,0.3141958937514947,H,1.4792848462681658,1.146448245906135,"=""1-0""|=""1-1""|=""2-1""",0.4658485309640144,2026-12-19,H,"=""1-0""",H,"=""1-0""",H,"=""1-0""","=""1-0"""
2026-12-19,Sunderland,Crystal Palace,0.46939197024768453,0.2524081842974407,0.27819984545487475,D,1.3913879666362727,1.20106984046838,"=""1-1""|=""1-0""|=""2-1""",0.46939197024768453,2026-12-19,H,"=""1-0""",H,"=""1-0""",H,"=""1-0""","=""1-1"""
2026-12-26,Aston Villa,Leeds,0.46032538783153587,0.2653343384202911,0.274340273748173,H,1.790128592812787,0.9968060648524375,"=""1-0""|=""2-1""|=""2-0""",0.46032538783153587,2026-12-26,H,"=""1-0""",H,"=""1-0""",H,"=""1-0""","=""1-0"""
2026-12-26,Coventry,Chelsea,0.300276344770317,0.27545240819519,0.4242712470344929,A,0.7701114019385795,1.8229745741240124,"=""0-1""|=""0-2""|=""1-2""",0.4242712470344929,2026-12-26,A,"=""0-1""",H,"=""1-0""",A,"=""0-1""","=""0-1"""
2026-12-26,Crystal Palace,Arsenal,0.25543481741226526,0.2535701472238397,0.4909950353638952,A,0.9687638069846781,1.9267918876323213,"=""0-1""|=""0-2""|=""1-2""",0.4909950353638952,2026-12-26,A,"=""0-1""",A,"=""0-1""",A,"=""0-1""","=""0-1"""
2026-12-26,Everton,Sunderland,0.46173136607329207,0.260942136929875,0.27732649699683287,H,1.5648138750051008,1.0457413542251555,"=""1-0""|=""2-1""|=""2-0""",0.46173136607329207,2026-12-26,H,"=""1-0""",H,"=""1-0""",H,"=""1-0""","=""1-0"""
2026-12-26,Fulham,Brighton,0.40979817865567386,0.2441576527754269,0.34604416856889925,D,1.4063943102214504,1.2523420645187036,"=""1-1""|=""1-0""|=""2-1""",0.40979817865567386,2026-12-26,H,"=""1-0""",H,"=""1-0""",H,"=""1-0""","=""1-1"""
2026-12-26,Hull,Liverpool,0.24613657131378203,0.24267371159044282,0.5111897170957752,A,0.8153926910963636,2.0621674453952337,"=""0-2""|=""0-1""|=""1-2""",0.5111897170957752,2026-12-26,A,"=""0-2""",A,"=""0-2""",A,"=""0-2""","=""0-2"""
2026-12-26,Ipswich,Brentford,0.34873462566049634,0.20562306991161564,0.44564230442788805,A,1.0424683226208835,1.589636789066747,"=""0-1""|=""1-2""|=""0-2""",0.44564230442788805,2026-12-26,H,"=""1-0""",A,"=""0-1""",A,"=""0-1""","=""0-1"""
2026-12-26,Man Utd,Nott'm Forest,0.4059654500692073,0.2400512753704573,0.35398327456033546,D,1.2030166142722887,1.2791238503776063,"=""1-1""|=""1-0""|=""0-1""",0.4059654500692073,2026-12-26,A,"=""0-1""",H,"=""1-0""",A,"=""0-1""","=""1-1"""
2026-12-26,Newcastle,Man City,0.2938077708968492,0.24560582929448457,0.4605863998086662,A,1.1242829165153267,1.679860060702658,"=""0-1""|=""1-2""|=""0-2""",0.4605863998086662,2026-12-26,A,"=""0-1""",A,"=""0-1""",A,"=""0-1""","=""0-1"""
2026-12-26,Spurs,Bournemouth,0.37724334619912253,0.23306644166798607,0.38969021213289146,D,1.1050042515238037,1.4235541664721687,"=""1-1""|=""0-1""|=""1-2""",0.38969021213289146,2026-12-26,A,"=""0-1""",H,"=""1-0""",A,"=""0-1""","=""1-1"""
2026-12-30,Aston Villa,Liverpool,0.4181724164172053,0.24194494708815079,0.3398826364946439,D,1.4155766410162467,1.3946767379040461,"=""1-1""|=""2-1""|=""1-0""",0.4181724164172053,2026-12-30,H,"=""1-0""",H,"=""1-0""",H,"=""1-0""","=""1-1"""
2026-12-30,Coventry,Brentford,0.36237466948422165,0.24531245393824683,0.39231287657753156,A,0.8292187764333675,1.63370709040934,"=""0-1""|=""0-2""|=""1-1""",0.39231287657753156,2026-12-30,H,"=""1-0""",H,"=""1-0""",A,"=""0-1""","=""0-1"""
2026-12-30,Crystal Palace,Bournemouth,0.36261114519525744,0.24166551292011973,0.3957233418846229,D,1.3370290929114683,1.3266007725685733,"=""1-1""|=""0-1""|=""1-0""",0.3957233418846229,2026-12-30,A,"=""0-1""",A,"=""0-1""",H,"=""1-0""","=""1-1"""
2026-12-30,Everton,Man City,0.27689109540565887,0.23475167589440432,0.4883572286999368,A,1.0754640058927203,1.7947872710856856,"=""0-1""|=""1-2""|=""0-2""",0.4883572286999368,2026-12-30,A,"=""0-1""",A,"=""0-1""",A,"=""0-1""","=""0-1"""
2026-12-30,Fulham,Arsenal,0.27858868693024247,0.24879228525265454,0.472619027817103,A,0.9859967867271776,1.8569536671440685,"=""0-1""|=""1-2""|=""0-2""",0.472619027817103,2026-12-30,A,"=""0-1""",A,"=""0-1""",A,"=""0-1""","=""0-1"""
2026-12-30,Hull,Leeds,0.32398270913300786,0.2647016578025818,0.41131563306441044,A,1.0275448714313704,1.4653292034883918,"=""0-1""|=""1-1""|=""1-2""",0.41131563306441044,2026-12-30,H,"=""1-0""",A,"=""0-1""",A,"=""0-1""","=""0-1"""
2026-12-30,Ipswich,Chelsea,0.2952135480443433,0.24539992845034575,0.45938652350531095,A,0.9754919969107526,1.7962224835310514,"=""0-1""|=""0-2""|=""1-2""",0.45938652350531095,2026-12-30,A,"=""0-1""",A,"=""0-1""",A,"=""0-1""","=""0-1"""
2026-12-30,Man Utd,Sunderland,0.4324881997342159,0.23687716210167697,0.33063463816410715,D,1.2523329953738946,1.1596754000106686,"=""1-1""|=""1-0""|=""2-1""",0.4324881997342159,2026-12-30,H,"=""1-0""",H,"=""1-0""",H,"=""1-0""","=""1-1"""
2026-12-30,Newcastle,Nott'm Forest,0.4688609596626021,0.2481643093826928,0.2829747309547052,H,1.580908182491194,1.0901853399288126,"=""1-0""|=""2-1""|=""2-0""",0.4688609596626021,2026-12-30,H,"=""1-0""",H,"=""1-0""",H,"=""1-0""","=""1-0"""
2026-12-30,Spurs,Brighton,0.368107196085628,0.23851344629542426,0.3933793576189477,D,1.1376621968566676,1.3852147988446155,"=""1-1""|=""0-1""|=""1-2""",0.3933793576189477,2026-12-30,A,"=""0-1""",H,"=""1-0""",A,"=""0-1""","=""1-1"""
2027-01-02,Arsenal,Ipswich,0.6323033603967735,0.17340584353632113,0.19429079606690547,H,3.163420297055802,0.5522553415228623,"=""2-0""|=""3-0""|=""4-0""",0.6323033603967735,2027-01-02,H,"=""3-0""",H,"=""3-0""",H,"=""3-0""","=""2-0"""
2027-01-02,Bournemouth,Aston Villa,0.4070770160911525,0.2404115393096492,0.35251144459919836,D,1.4498632614193763,1.226525243234247,"=""1-1""|=""1-0""|=""2-1""",0.4070770160911525,2027-01-02,H,"=""1-0""",A,"=""0-1""",H,"=""1-0""","=""1-1"""
2027-01-02,Brentford,Crystal Palace,0.4742176884845368,0.24520867568156351,0.28057363583389977,H,1.6509636735854205,1.0668334763351692,"=""1-0""|=""2-1""|=""2-0""",0.4742176884845368,2027-01-02,H,"=""1-0""",H,"=""1-0""",H,"=""1-0""","=""1-0"""
2027-01-02,Brighton,Man Utd,0.5195031690957002,0.2277130664012317,0.2527837645030682,H,1.8721804992453355,0.9024531291662777,"=""2-0""|=""1-0""|=""2-1""",0.5195031690957002,2027-01-02,H,"=""1-0""",H,"=""1-0""",H,"=""1-0""","=""2-0"""
2027-01-02,Chelsea,Newcastle,0.4833631127832457,0.2420961720044677,0.2745407152122866,H,1.6513379136583513,1.0495078134767146,"=""1-0""|=""2-1""|=""2-0""",0.4833631127832457,2027-01-02,H,"=""1-0""",H,"=""1-0""",H,"=""1-0""","=""1-0"""
2027-01-02,Leeds,Everton,0.43340005831052003,0.23702661382766654,0.3295733278618134,D,1.4361989793211867,1.161135417323385,"=""1-1""|=""1-0""|=""2-1""",0.43340005831052003,2027-01-02,H,"=""1-0""",H,"=""1-0""",H,"=""1-0""","=""1-1"""
2027-01-02,Liverpool,Coventry,0.659787554930201,0.1744618338894759,0.16575061118032314,H,3.2725001505997455,0.6335649511274802,"=""3-0""|=""2-0""|=""4-0""",0.659787554930201,2027-01-02,H,"=""3-0""",H,"=""3-0""",H,"=""3-0""","=""3-0"""
2027-01-02,Man City,Spurs,0.6300425069706176,0.15667217309818252,0.21328531993119987,H,2.703986982110659,0.6693277942328448,"=""2-0""|=""3-0""|=""1-0""",0.6300425069706176,2027-01-02,H,"=""2-0""",H,"=""2-0""",H,"=""2-0""","=""2-0"""
2027-01-02,Nott'm Forest,Fulham,0.46693496424468084,0.22248430436725292,0.31058073138806624,H,1.447982377792836,1.1146421262574662,"=""1-0""|=""1-1""|=""2-1""",0.46693496424468084,2027-01-02,H,"=""1-0""",H,"=""1-0""",H,"=""1-0""","=""1-0"""
2027-01-02,Sunderland,Hull,0.46920551444127256,0.28569861650984163,0.24509586904888575,H,1.881085987359664,0.9039533230755097,"=""2-0""|=""1-0""|=""2-1""",0.46920551444127256,2027-01-02,H,"=""1-0""",H,"=""1-0""",H,"=""1-0""","=""2-0"""
2027-01-06,Arsenal,Brentford,0.6399684558931248,0.18115150201361002,0.17888004209326527,H,2.3324929578891243,0.7950318162014339,"=""2-0""|=""3-0""|=""1-0""",0.6399684558931248,2027-01-06,H,"=""2-0""",H,"=""2-0""",H,"=""2-0""","=""2-0"""
2027-01-06,Brighton,Bournemouth,0.48709065586665357,0.25018689017396195,0.2627224539593845,D,1.467963188377123,1.1942104459115057,"=""1-1""|=""1-0""|=""2-1""",0.48709065586665357,2027-01-06,H,"=""1-0""",H,"=""1-0""",H,"=""1-0""","=""1-1"""
2027-01-06,Crystal Palace,Chelsea,0.3786165758203545,0.2769751192710506,0.34440830490859475,D,1.3153293039512257,1.4209721960017223,"=""1-1""|=""2-1""|=""1-0""",0.3786165758203545,2027-01-06,H,"=""1-0""",H,"=""1-0""",A,"=""0-1""","=""1-1"""
2027-01-06,Everton,Aston Villa,0.3739457943110218,0.2335827116420825,0.39247149404689574,D,1.3006778674300725,1.334358416846576,"=""1-1""|=""0-1""|=""1-0""",0.39247149404689574,2027-01-06,A,"=""0-1""",A,"=""0-1""",A,"=""0-1""","=""1-1"""
2027-01-06,Fulham,Spurs,0.47128045359794724,0.266135180563952,0.26258436583810074,H,1.7360947133516587,0.9669361471632604,"=""1-0""|=""2-0""|=""2-1""",0.47128045359794724,2027-01-06,H,"=""1-0""",H,"=""1-0""",H,"=""1-0""","=""1-0"""
2027-01-06,Ipswich,Coventry,0.45264914397835726,0.239603109352996,0.3077477466686466,H,1.7613836439734143,1.0710364236527472,"=""2-1""|=""1-0""|=""2-0""",0.45264914397835726,2027-01-06,H,"=""1-0""",H,"=""1-0""",H,"=""1-0""","=""2-1"""
2027-01-06,Leeds,Man City,0.2579965235261059,0.23547413615640883,0.5065293403174853,A,1.0251752357503197,1.7811471662014717,"=""0-1""|=""1-2""|=""0-2""",0.5065293403174853,2027-01-06,A,"=""0-1""",A,"=""0-1""",A,"=""0-1""","=""0-1"""
2027-01-06,Man Utd,Newcastle,0.36667457897288286,0.24695843523569394,0.38636698579142326,D,1.152243453099383,1.3655350610349177,"=""1-1""|=""0-1""|=""1-0""",0.38636698579142326,2027-01-06,H,"=""1-0""",A,"=""0-1""",A,"=""0-1""","=""1-1"""
2027-01-06,Nott'm Forest,Hull,0.5532477179772533,0.2574117404339736,0.18934054158877325,H,2.0537925064473472,0.8297732413136323,"=""2-0""|=""1-0""|=""2-1""",0.5532477179772533,2027-01-06,H,"=""2-0""",H,"=""2-0""",H,"=""2-0""","=""2-0"""
2027-01-06,Sunderland,Liverpool,0.3132408058030679,0.23152570055367766,0.45523349364325444,A,1.0904668414200278,1.6804237472588697,"=""0-1""|=""1-2""|=""0-2""",0.45523349364325444,2027-01-06,H,"=""1-0""",A,"=""0-1""",A,"=""0-1""","=""0-1"""
2027-01-16,Aston Villa,Man Utd,0.5476749228070198,0.2083855614191277,0.24393951577385253,H,2.048028407349895,0.8546546241122582,"=""2-0""|=""1-0""|=""2-1""",0.5476749228070198,2027-01-16,H,"=""2-0""",H,"=""2-0""",H,"=""2-0""","=""2-0"""
2027-01-16,Bournemouth,Ipswich,0.5863671249800188,0.19909385081103165,0.21453902420894957,H,2.21030821623174,0.7861190098283136,"=""2-0""|=""1-0""|=""2-1""",0.5863671249800188,2027-01-16,H,"=""2-0""",H,"=""2-0""",H,"=""2-0""","=""2-0"""
2027-01-16,Brentford,Brighton,0.4652024355214431,0.21705881443510544,0.3177387500434515,H,1.5102609259844018,1.1758163389884222,"=""1-0""|=""1-1""|=""2-1""",0.4652024355214431,2027-01-16,H,"=""1-0""",H,"=""1-0""",H,"=""1-0""","=""1-0"""
2027-01-16,Chelsea,Sunderland,0.45248628217717735,0.26463941610915637,0.2828743017136663,H,1.7979905078848646,0.8935484083276237,"=""1-0""|=""2-0""|=""2-1""",0.45248628217717735,2027-01-16,H,"=""1-0""",H,"=""1-0""",H,"=""1-0""","=""1-0"""
2027-01-16,Coventry,Everton,0.33875454705704816,0.25992315113331094,0.40132230180964096,A,0.8529359584569456,1.547743720065275,"=""0-1""|=""0-2""|=""1-1""",0.40132230180964096,2027-01-16,H,"=""1-0""",H,"=""1-0""",A,"=""0-1""","=""0-1"""
2027-01-16,Hull,Arsenal,0.20610425222066156,0.22093509825495253,0.572960649524386,A,0.6679448608376695,2.412971767567126,"=""0-2""|=""0-1""|=""0-3""",0.572960649524386,2027-01-16,A,"=""0-2""",A,"=""0-2""",A,"=""0-2""","=""0-2"""
2027-01-16,Liverpool,Crystal Palace,0.5243241848550384,0.24881766438021755,0.22685815076474408,H,2.061697324467399,0.8677734548486498,"=""2-0""|=""1-0""|=""2-1""",0.5243241848550384,2027-01-16,H,"=""2-0""",H,"=""2-0""",H,"=""2-0""","=""2-0"""
2027-01-16,Man City,Nott'm Forest,0.6348112513268898,0.17970522918090515,0.1854835194922051,H,2.311460437153955,0.7977081050023946,"=""2-0""|=""1-0""|=""3-0""",0.6348112513268898,2027-01-16,H,"=""2-0""",H,"=""2-0""",H,"=""2-0""","=""2-0"""
2027-01-16,Newcastle,Fulham,0.4739097380905794,0.2414807502325255,0.2846095116768952,H,1.5514056837067562,1.075893856036197,"=""1-0""|=""2-1""|=""2-0""",0.4739097380905794,2027-01-16,H,"=""1-0""",H,"=""1-0""",H,"=""1-0""","=""1-0"""
2027-01-16,Spurs,Leeds,0.3893102041726538,0.2379256022649578,0.3727641935623885,D,1.2307171521588032,1.2522789594998256,"=""1-1""|=""1-0""|=""0-1""",0.3893102041726538,2027-01-16,A,"=""0-1""",H,"=""1-0""",A,"=""0-1""","=""1-1"""
2027-01-23,Arsenal,Newcastle,0.5967791235363917,0.20344707395608622,0.19977380250752208,H,2.28037453529647,0.7859718571066949,"=""2-0""|=""1-0""|=""3-0""",0.5967791235363917,2027-01-23,H,"=""2-0""",H,"=""2-0""",H,"=""2-0""","=""2-0"""
2027-01-23,Brighton,Man City,0.33746981347965943,0.2339332461247381,0.4285969403956025,A,1.1421603455383729,1.6670469550789366,"=""0-1""|=""1-2""|=""1-1""",0.4285969403956025,2027-01-23,A,"=""0-1""",H,"=""1-0""",A,"=""0-1""","=""0-1"""
2027-01-23,Crystal Palace,Spurs,0.46045997372415404,0.26925070048615685,0.27028932578968917,H,1.703234631832145,1.0019190569415846,"=""1-0""|=""2-1""|=""2-0""",0.46045997372415404,2027-01-23,H,"=""1-0""",H,"=""1-0""",H,"=""1-0""","=""1-0"""
2027-01-23,Everton,Brentford,0.4903924031806023,0.22208726113158095,0.28752033568781676,D,1.4685900059615469,1.2404005803451437,"=""1-1""|=""1-0""|=""2-1""",0.4903924031806023,2027-01-23,H,"=""1-0""",H,"=""1-0""",H,"=""1-0""","=""1-1"""
2027-01-23,Fulham,Aston Villa,0.37115527393982317,0.2576547352472832,0.37118999081289356,D,1.2841979048754957,1.333247150684889,"=""1-1""|=""0-1""|=""1-0""",0.37118999081289356,2027-01-23,H,"=""1-0""",A,"=""0-1""",A,"=""0-1""","=""1-1"""
2027-01-23,Ipswich,Hull,0.441589695319249,0.2655024238947848,0.2929078807859663,H,1.4949792065101826,1.0976369951230693,"=""1-0""|=""2-1""|=""1-1""",0.441589695319249,2027-01-23,H,"=""1-0""",H,"=""1-0""",H,"=""1-0""","=""1-0"""
2027-01-23,Leeds,Chelsea,0.39032613512834863,0.24778633236722464,0.36188753250442673,D,1.2994568393170243,1.3723975517915792,"=""1-1""|=""1-0""|=""0-1""",0.39032613512834863,2027-01-23,H,"=""1-0""",H,"=""1-0""",A,"=""0-1""","=""1-1"""
2027-01-23,Man Utd,Liverpool,0.3129229135735216,0.22507283514157225,0.46200425128490613,A,0.9776585712986304,1.764686429179813,"=""0-1""|=""0-2""|=""1-2""",0.46200425128490613,2027-01-23,A,"=""0-1""",A,"=""0-1""",A,"=""0-1""","=""0-1"""
2027-01-23,Nott'm Forest,Bournemouth,0.456085781989346,0.21878195992466443,0.3251322580859895,D,1.3499502424479746,1.248720232993228,"=""1-1""|=""1-0""|=""2-1""",0.456085781989346,2027-01-23,H,"=""1-0""",H,"=""1-0""",H,"=""1-0""","=""1-1"""
2027-01-23,Sunderland,Coventry,0.491286725140453,0.2493015189572242,0.25941175590232285,H,2.210728021527469,0.8783607240921093,"=""2-0""|=""2-1""|=""1-0""",0.491286725140453,2027-01-23,H,"=""2-0""",H,"=""2-0""",H,"=""2-0""","=""2-0"""
2027-01-30,Aston Villa,Ipswich,0.5767897435781244,0.19635909901689774,0.22685115740497794,H,2.3232105171394175,0.7622825937268953,"=""2-0""|=""1-0""|=""3-0""",0.5767897435781244,2027-01-30,H,"=""2-0""",H,"=""2-0""",H,"=""2-0""","=""2-0"""
2027-01-30,Bournemouth,Fulham,0.4178609488594316,0.2755984441231385,0.30654060701743,H,1.6536457402008664,1.0559566584704065,"=""1-0""|=""2-1""|=""1-1""",0.4178609488594316,2027-01-30,H,"=""1-0""",A,"=""0-1""",H,"=""1-0""","=""1-0"""
2027-01-30,Brentford,Man Utd,0.5215885271161129,0.21960193099384612,0.258809541890041,H,1.8740804654279362,0.917183711364589,"=""2-0""|=""1-0""|=""2-1""",0.5215885271161129,2027-01-30,H,"=""1-0""",H,"=""1-0""",H,"=""1-0""","=""2-0"""
2027-01-30,Chelsea,Nott'm Forest,0.43732388781644,0.2397366194881118,0.3229394926954482,H,1.7241668072139946,0.9824681514850853,"=""1-0""|=""2-0""|=""2-1""",0.43732388781644,2027-01-30,H,"=""1-0""",A,"=""0-1""",H,"=""1-0""","=""1-0"""
2027-01-30,Coventry,Leeds,0.3637607799176358,0.27208534900790426,0.36415387107445996,A,0.8640569216001454,1.4768209173606457,"=""0-1""|=""1-1""|=""0-2""",0.36415387107445996,2027-01-30,H,"=""1-0""",H,"=""1-0""",A,"=""0-1""","=""0-1"""
2027-01-30,Hull,Crystal Palace,0.30531533687542695,0.23412759417625978,0.4605570689483133,A,1.0348625943303105,1.4608658431399166,"=""0-1""|=""1-2""|=""0-2""",0.4605570689483133,2027-01-30,A,"=""0-1""",A,"=""0-1""",A,"=""0-1""","=""0-1"""
2027-01-30,Liverpool,Everton,0.5224916964662151,0.24159552723490132,0.2359127762988836,H,2.006720150120022,0.9016884680004502,"=""2-0""|=""1-0""|=""2-1""",0.5224916964662151,2027-01-30,H,"=""2-0""",H,"=""2-0""",H,"=""2-0""","=""2-0"""
2027-01-30,Man City,Arsenal,0.480361717762911,0.23777493488671536,0.2818633473503736,D,1.5422784234118234,1.2949208591288668,"=""1-1""|=""2-1""|=""1-0""",0.480361717762911,2027-01-30,H,"=""1-0""",H,"=""1-0""",H,"=""1-0""","=""1-1"""
2027-01-30,Newcastle,Brighton,0.45349468545343885,0.23542165529128478,0.3110836592552765,D,1.4842517039069527,1.1667700159145942,"=""1-1""|=""1-0""|=""2-1""",0.45349468545343885,2027-01-30,H,"=""1-0""",H,"=""1-0""",H,"=""1-0""","=""1-1"""
2027-01-30,Spurs,Sunderland,0.42078452819187634,0.22510009800988703,0.3541153737982367,D,1.2535965350814564,1.159338898232315,"=""1-1""|=""1-0""|=""2-1""",0.42078452819187634,2027-01-30,H,"=""1-0""",H,"=""1-0""",H,"=""1-0""","=""1-1"""
2027-02-06,Arsenal,Liverpool,0.48955135805517935,0.23140700298652986,0.2790416389582909,H,1.9253060542668032,1.0084669208990373,"=""2-0""|=""2-1""|=""1-0""",0.48955135805517935,2027-02-06,H,"=""1-0""",H,"=""1-0""",H,"=""1-0""","=""2-0"""
2027-02-06,Brighton,Hull,0.605141004086205,0.2146638176175668,0.18019517829622833,H,2.2239946422362173,0.7880325189235532,"=""2-0""|=""1-0""|=""3-0""",0.605141004086205,2027-02-06,H,"=""2-0""",H,"=""2-0""",H,"=""2-0""","=""2-0"""
2027-02-06,Crystal Palace,Coventry,0.5565221227968131,0.23474483130626853,0.20873304589691838,H,2.3804873169665646,0.8505439196300676,"=""2-0""|=""2-1""|=""1-0""",0.5565221227968131,2027-02-06,H,"=""2-0""",H,"=""2-0""",H,"=""2-0""","=""2-0"""
2027-02-06,Everton,Newcastle,0.4603927453708362,0.23673008157666,0.3028771730525038,D,1.437134548852364,1.2281993625306509,"=""1-1""|=""1-0""|=""2-1""",0.4603927453708362,2027-02-06,H,"=""1-0""",H,"=""1-0""",H,"=""1-0""","=""1-1"""
2027-02-06,Fulham,Man City,0.27689054679063063,0.23224774416222427,0.49086170904714505,A,1.0590297543583205,1.7854032516798768,"=""0-1""|=""1-2""|=""0-2""",0.49086170904714505,2027-02-06,A,"=""0-1""",A,"=""0-1""",A,"=""0-1""","=""0-1"""
2027-02-06,Ipswich,Spurs,0.41166491276401146,0.24847166126857786,0.33986342596741076,D,1.2570561058881629,1.2574234397832955,"=""1-1""|=""1-0""|=""2-1""",0.41166491276401146,2027-02-06,H,"=""1-0""",H,"=""1-0""",A,"=""0-1""","=""1-1"""
2027-02-06,Leeds,Bournemouth,0.40837109331059834,0.22875995732148033,0.3628689493679213,D,1.3137478897872281,1.2697292817961738,"=""1-1""|=""1-0""|=""2-1""",0.40837109331059834,2027-02-06,H,"=""1-0""",H,"=""1-0""",H,"=""1-0""","=""1-1"""
2027-02-06,Man Utd,Chelsea,0.35021599696225314,0.25467400372221666,0.3951099993155302,A,1.094784123474594,1.5387713909735792,"=""0-1""|=""1-1""|=""1-2""",0.3951099993155302,2027-02-06,A,"=""0-1""",H,"=""1-0""",A,"=""0-1""","=""0-1"""
2027-02-06,Nott'm Forest,Brentford,0.48243643242874895,0.21743016459609343,0.30013340297515767,H,1.4441913651486615,1.2185983918136327,"=""1-0""|=""1-1""|=""2-1""",0.48243643242874895,2027-02-06,H,"=""1-0""",H,"=""1-0""",H,"=""1-0""","=""1-0"""
2027-02-06,Sunderland,Aston Villa,0.34311851229729295,0.2649470084182103,0.39193447928449676,D,1.1691596393807564,1.4233292152371912,"=""1-1""|=""0-1""|=""1-2""",0.39193447928449676,2027-02-06,A,"=""0-1""",A,"=""0-1""",A,"=""0-1""","=""1-1"""
2027-02-10,Aston Villa,Bournemouth,0.4667652393318184,0.24208096491156425,0.2911537957566174,H,1.6076984179970348,1.132126886652087,"=""1-0""|=""2-1""|=""2-0""",0.4667652393318184,2027-02-10,H,"=""1-0""",H,"=""1-0""",H,"=""1-0""","=""1-0"""
2027-02-10,Coventry,Liverpool,0.29202580577410453,0.23792729584604927,0.47004689837984626,A,0.6869537145581794,2.0848773340636204,"=""0-2""|=""0-1""|=""0-3""",0.47004689837984626,2027-02-10,A,"=""0-2""",H,"=""1-0""",A,"=""0-2""","=""0-2"""
2027-02-10,Crystal Palace,Brentford,0.4503412038865134,0.22786419391402227,0.3217946021994644,D,1.423722537622239,1.2845999969552806,"=""1-1""|=""1-0""|=""2-1""",0.4503412038865134,2027-02-10,H,"=""1-0""",H,"=""1-0""",H,"=""1-0""","=""1-1"""
2027-02-10,Everton,Leeds,0.47825211873938567,0.24870438320469668,0.27304349805591765,H,1.534732847517948,1.1267097321715651,"=""1-0""|=""2-1""|=""2-0""",0.47825211873938567,2027-02-10,H,"=""1-0""",H,"=""1-0""",H,"=""1-0""","=""1-0"""
2027-02-10,Fulham,Nott'm Forest,0.46174596919144517,0.25765541017043014,0.28059862063812474,D,1.4899796596210861,1.1597519127926428,"=""1-1""|=""1-0""|=""2-1""",0.46174596919144517,2027-02-10,H,"=""1-0""",H,"=""1-0""",H,"=""1-0""","=""1-1"""
2027-02-10,Hull,Sunderland,0.310499248543002,0.27823786570004544,0.41126288575695263,D,1.0435431176113728,1.351085543161508,"=""1-1""|=""0-1""|=""1-2""",0.41126288575695263,2027-02-10,A,"=""0-1""",A,"=""0-1""",A,"=""0-1""","=""1-1"""
2027-02-10,Ipswich,Arsenal,0.24219489814579806,0.19616885815675766,0.5616362436974442,A,0.7127314554289274,2.403325329463217,"=""0-2""|=""0-1""|=""0-3""",0.5616362436974442,2027-02-10,A,"=""0-2""",A,"=""0-2""",A,"=""0-2""","=""0-2"""
2027-02-10,Man Utd,Brighton,0.3664343261276073,0.23185593697970175,0.40170973689269096,D,1.1392176169789436,1.384670254467213,"=""1-1""|=""0-1""|=""1-2""",0.40170973689269096,2027-02-10,A,"=""0-1""",H,"=""1-0""",A,"=""0-1""","=""1-1"""
2027-02-10,Newcastle,Chelsea,0.42136296220401026,0.2614159116081404,0.31722112618784926,D,1.4265034200052364,1.2965074299580244,"=""1-1""|=""1-0""|=""2-1""",0.42136296220401026,2027-02-10,H,"=""1-0""",H,"=""1-0""",H,"=""1-0""","=""1-1"""
2027-02-10,Spurs,Man City,0.2857636269116836,0.23997966941166707,0.4742567036766493,A,0.8646611973836167,2.0002530628210566,"=""0-2""|=""0-1""|=""1-2""",0.4742567036766493,2027-02-10,A,"=""0-2""",A,"=""0-2""",A,"=""0-2""","=""0-2"""
2027-02-20,Arsenal,Fulham,0.6226607696915888,0.19712601347687098,0.1802132168315403,H,2.352456323349291,0.7343898978953673,"=""2-0""|=""3-0""|=""1-0""",0.6226607696915888,2027-02-20,H,"=""2-0""",H,"=""2-0""",H,"=""2-0""","=""2-0"""
2027-02-20,Bournemouth,Crystal Palace,0.4452003706265224,0.2632798747871858,0.29151975458629187,H,1.7221450540637895,1.0317022764588677,"=""1-0""|=""2-1""|=""2-0""",0.4452003706265224,2027-02-20,H,"=""1-0""",H,"=""1-0""",H,"=""1-0""","=""1-0"""
2027-02-20,Brentford,Coventry,0.5831518977127319,0.2100558314132531,0.2067922708740151,H,2.6253586271912224,0.781281394264867,"=""2-0""|=""3-0""|=""2-1""",0.5831518977127319,2027-02-20,H,"=""2-0""",H,"=""2-0""",H,"=""2-0""","=""2-0"""
2027-02-20,Brighton,Spurs,0.5188411491988166,0.2279835167187173,0.2531753340824661,H,1.8691986471854733,0.9028671980458338,"=""2-0""|=""1-0""|=""2-1""",0.5188411491988166,2027-02-20,H,"=""1-0""",H,"=""1-0""",H,"=""1-0""","=""2-0"""
2027-02-20,Chelsea,Ipswich,0.5777041904467449,0.22354867294518316,0.19874713660807194,H,2.2788733190510357,0.7310456846881686,"=""2-0""|=""1-0""|=""3-0""",0.5777041904467449,2027-02-20,H,"=""2-0""",H,"=""2-0""",H,"=""2-0""","=""2-0"""
2027-02-20,Leeds,Aston Villa,0.3389782352316236,0.2356460971745965,0.42537566759377987,D,1.2404273575112112,1.3252300951938447,"=""1-1""|=""0-1""|=""1-2""",0.42537566759377987,2027-02-20,A,"=""0-1""",A,"=""0-1""",A,"=""0-1""","=""1-1"""
2027-02-20,Liverpool,Hull,0.6501970472677701,0.19533235448690398,0.15447059824532605,H,2.77550700345561,0.6485078152610214,"=""2-0""|=""3-0""|=""1-0""",0.6501970472677701,2027-02-20,H,"=""2-0""",H,"=""2-0""",H,"=""2-0""","=""2-0"""
2027-02-20,Man City,Newcastle,0.6277970622665515,0.18520659008570126,0.18699634764774728,H,2.2185905231876006,0.8551976538541085,"=""2-0""|=""1-0""|=""2-1""",0.6277970622665515,2027-02-20,H,"=""2-0""",H,"=""2-0""",H,"=""2-0""","=""2-0"""
2027-02-20,Nott'm Forest,Man Utd,0.4965702942452607,0.23140463105094836,0.272025074703791,H,1.7261490211105002,0.9506905151853585,"=""1-0""|=""2-0""|=""2-1""",0.4965702942452607,2027-02-20,H,"=""1-0""",H,"=""1-0""",H,"=""1-0""","=""1-0"""
2027-02-20,Sunderland,Everton,0.4351411945664099,0.25242596781623766,0.3124328376173525,D,1.351986518988836,1.2444855946656224,"=""1-1""|=""1-0""|=""2-1""",0.4351411945664099,2027-02-20,H,"=""1-0""",H,"=""1-0""",H,"=""1-0""","=""1-1"""
2027-02-27,Aston Villa,Chelsea,0.4152752200993448,0.2543624273103337,0.33036235259032154,H,1.5864374277585265,1.2188389813648322,"=""2-1""|=""1-0""|=""1-1""",0.4152752200993448,2027-02-27,H,"=""1-0""",H,"=""1-0""",H,"=""1-0""","=""2-1"""
2027-02-27,Coventry,Bournemouth,0.3375200826051231,0.24459892456140372,0.4178809928334732,A,0.7783633468674218,1.6858143449869736,"=""0-1""|=""0-2""|=""1-2""",0.4178809928334732,2027-02-27,H,"=""1-0""",H,"=""1-0""",A,"=""0-1""","=""0-1"""
2027-02-27,Crystal Palace,Sunderland,0.4259775424039326,0.2753819678913706,0.2986404897046969,H,1.5131219316268407,1.078390312599718,"=""1-0""|=""1-1""|=""2-1""",0.4259775424039326,2027-02-27,H,"=""1-0""",H,"=""1-0""",H,"=""1-0""","=""1-0"""
2027-02-27,Everton,Nott'm Forest,0.48329201824180607,0.23229109944191761,0.2844168823162763,H,1.5039438082246803,1.1541217177408662,"=""1-0""|=""1-1""|=""2-1""",0.48329201824180607,2027-02-27,H,"=""1-0""",H,"=""1-0""",H,"=""1-0""","=""1-0"""
2027-02-27,Fulham,Leeds,0.45056160707463483,0.26211779025568915,0.287320602669676,H,1.5163461995073948,1.1270816461808293,"=""1-0""|=""2-1""|=""1-1""",0.45056160707463483,2027-02-27,H,"=""1-0""",H,"=""1-0""",H,"=""1-0""","=""1-0"""
2027-02-27,Hull,Man City,0.20791560596812722,0.23871528074160142,0.5533691132902714,A,0.7183152505972333,2.3248219909564014,"=""0-2""|=""0-1""|=""0-3""",0.5533691132902714,2027-02-27,A,"=""0-2""",A,"=""0-2""",A,"=""0-2""","=""0-2"""
2027-02-27,Ipswich,Brighton,0.32058385796437233,0.20436435130099528,0.47505179073463233,A,1.0115543353372136,1.6073995709786943,"=""0-1""|=""1-2""|=""0-2""",0.47505179073463233,2027-02-27,A,"=""0-1""",A,"=""0-1""",A,"=""0-1""","=""0-1"""
2027-02-27,Man Utd,Arsenal,0.29625854091310616,0.2191411015239006,0.4846003575629933,A,0.8058231875985957,2.0815687712248843,"=""0-2""|=""0-1""|=""1-2""",0.4846003575629933,2027-02-27,A,"=""0-2""",A,"=""0-2""",A,"=""0-2""","=""0-2"""
2027-02-27,Newcastle,Brentford,0.5029028931941302,0.2169580374458977,0.2801390693599722,H,1.542774922430022,1.170458539311948,"=""1-0""|=""2-1""|=""2-0""",0.5029028931941302,2027-02-27,H,"=""1-0""",H,"=""1-0""",H,"=""1-0""","=""1-0"""
2027-02-27,Spurs,Liverpool,0.3120531154401233,0.22519882272026617,0.4627480618396106,A,0.9787723294473238,1.7641083109230051,"=""0-1""|=""0-2""|=""1-2""",0.4627480618396106,2027-02-27,A,"=""0-1""",A,"=""0-1""",A,"=""0-1""","=""0-1"""
2027-03-03,Arsenal,Crystal Palace,0.6171339851731952,0.19854431640780118,0.1843216984190037,H,2.457005254627454,0.7209888582666291,"=""2-0""|=""3-0""|=""1-0""",0.6171339851731952,2027-03-03,H,"=""2-0""",H,"=""2-0""",H,"=""2-0""","=""2-0"""
2027-03-03,Bournemouth,Spurs,0.5406951361658991,0.23017117670061343,0.22913368713348742,H,1.953757262291637,0.8879345766874653,"=""2-0""|=""1-0""|=""2-1""",0.5406951361658991,2027-03-03,H,"=""1-0""",H,"=""1-0""",H,"=""1-0""","=""2-0"""
2027-03-03,Brentford,Ipswich,0.583152504292323,0.225429467421797,0.19141802828587995,H,2.135791447397954,0.8236747879646991,"=""2-0""|=""1-0""|=""2-1""",0.583152504292323,2027-03-03,H,"=""2-0""",H,"=""2-0""",H,"=""2-0""","=""2-0"""
2027-03-03,Brighton,Fulham,0.4655083118291476,0.25222922086977345,0.28226246730107907,H,1.5707203782186245,1.0616542054998637,"=""1-0""|=""2-1""|=""2-0""",0.4655083118291476,2027-03-03,H,"=""1-0""",H,"=""1-0""",H,"=""1-0""","=""1-0"""
2027-03-03,Chelsea,Coventry,0.6165963259666435,0.2064503816915767,0.17695329234177984,H,2.8224508989324306,0.7021857838127493,"=""2-0""|=""3-0""|=""2-1""",0.6165963259666435,2027-03-03,H,"=""2-0""",H,"=""2-0""",H,"=""2-0""","=""2-0"""
2027-03-03,Leeds,Hull,0.5039736700242342,0.2980743533162879,0.19795197665947784,H,1.9903552699887754,0.8378656942002494,"=""2-0""|=""1-0""|=""2-1""",0.5039736700242342,2027-03-03,H,"=""1-0""",H,"=""1-0""",H,"=""1-0""","=""2-0"""
2027-03-03,Liverpool,Aston Villa,0.49547854773880073,0.242921849800822,0.2615996024603773,H,1.7358009453925425,1.0317106914963967,"=""1-0""|=""2-1""|=""2-0""",0.49547854773880073,2027-03-03,H,"=""1-0""",H,"=""1-0""",H,"=""1-0""","=""1-0"""
2027-03-03,Man City,Everton,0.6347251934576797,0.19208309456003891,0.17319171198228137,H,2.321913615519282,0.8123653205574846,"=""2-0""|=""3-0""|=""1-0""",0.6347251934576797,2027-03-03,H,"=""2-0""",H,"=""2-0""",H,"=""2-0""","=""2-0"""
2027-03-03,Nott'm Forest,Newcastle,0.4630212341400441,0.22202725950195923,0.31495150635799674,D,1.4056836656422387,1.1958617617515757,"=""1-1""|=""1-0""|=""2-1""",0.4630212341400441,2027-03-03,H,"=""1-0""",H,"=""1-0""",H,"=""1-0""","=""1-1"""
2027-03-03,Sunderland,Man Utd,0.4538558919416888,0.26681967554320846,0.2793244325151028,H,1.5764595263027572,1.031458744704807,"=""1-0""|=""2-1""|=""2-0""",0.4538558919416888,2027-03-03,H,"=""1-0""",H,"=""1-0""",H,"=""1-0""","=""1-0"""
2027-03-13,Aston Villa,Hull,0.5898727345637798,0.23113346115557173,0.17899380428064848,H,2.4467808576600545,0.7527347486937812,"=""2-0""|=""3-0""|=""1-0""",0.5898727345637798,2027-03-13,H,"=""2-0""",H,"=""2-0""",H,"=""2-0""","=""2-0"""
2027-03-13,Bournemouth,Newcastle,0.424999707599321,0.25174721465453115,0.32325307774614787,H,1.6008039291433105,1.1275756603978089,"=""1-0""|=""2-1""|=""1-1""",0.424999707599321,2027-03-13,H,"=""1-0""",H,"=""1-0""",H,"=""1-0""","=""1-0"""
2027-03-13,Chelsea,Arsenal,0.3218027820341219,0.2691603263910433,0.40903689157483486,D,1.1495649448588043,1.5928738141089984,"=""1-1""|=""0-1""|=""1-2""",0.40903689157483486,2027-03-13,A,"=""0-1""",A,"=""0-1""",A,"=""0-1""","=""1-1"""
2027-03-13,Coventry,Man City,0.22966939716567836,0.24856909587266368,0.521761506961658,A,0.6107096098212638,2.3863751512864395,"=""0-2""|=""0-1""|=""0-3""",0.521761506961658,2027-03-13,A,"=""0-2""",A,"=""0-2""",A,"=""0-2""","=""0-2"""
2027-03-13,Crystal Palace,Fulham,0.4235636298075055,0.2507064592689672,0.3257299109235273,D,1.4364623271797576,1.1873787525839168,"=""1-1""|=""1-0""|=""2-1""",0.4235636298075055,2027-03-13,H,"=""1-0""",H,"=""1-0""",H,"=""1-0""","=""1-1"""
2027-03-13,Leeds,Brighton,0.4543216437762539,0.21968464088357437,0.3259937153401718,D,1.3481546831006763,1.2291284510645215,"=""1-1""|=""1-0""|=""2-1""",0.4543216437762539,2027-03-13,H,"=""1-0""",H,"=""1-0""",H,"=""1-0""","=""1-1"""
2027-03-13,Liverpool,Ipswich,0.6490583191559905,0.17587295894364796,0.17506872190036155,H,2.646958072461332,0.6615639103483645,"=""2-0""|=""3-0""|=""1-0""",0.6490583191559905,2027-03-13,H,"=""2-0""",H,"=""2-0""",H,"=""2-0""","=""2-0"""
2027-03-13,Man Utd,Everton,0.3929180367152389,0.23458165970760908,0.37250030357715197,D,1.2113669375121754,1.3014717358737677,"=""1-1""|=""0-1""|=""1-0""",0.3929180367152389,2027-03-13,H,"=""1-0""",H,"=""1-0""",A,"=""0-1""","=""1-1"""
2027-03-13,Spurs,Nott'm Forest,0.4106421280307834,0.2326436443603639,0.35671422760885274,D,1.2060337493983277,1.2782021303084303,"=""1-1""|=""1-0""|=""0-1""",0.4106421280307834,2027-03-13,H,"=""1-0""",H,"=""1-0""",A,"=""0-1""","=""1-1"""
2027-03-13,Sunderland,Brentford,0.45010410108762594,0.2317686709688717,0.31812722794350234,D,1.3194249374060594,1.3219912447019069,"=""1-1""|=""1-0""|=""2-1""",0.45010410108762594,2027-03-13,H,"=""1-0""",H,"=""1-0""",A,"=""0-1""","=""1-1"""
2027-03-20,Arsenal,Sunderland,0.6248333759519276,0.17922798022544634,0.19593864382262605,H,2.481035358988795,0.6683420258801159,"=""2-0""|=""3-0""|=""1-0""",0.6248333759519276,2027-03-20,H,"=""2-0""",H,"=""2-0""",H,"=""2-0""","=""2-0"""
2027-03-20,Brentford,Bournemouth,0.46149032962846226,0.23343986997888277,0.30506980039265497,D,1.4785177694684881,1.224017023102823,"=""1-1""|=""1-0""|=""2-1""",0.46149032962846226,2027-03-20,H,"=""1-0""",H,"=""1-0""",H,"=""1-0""","=""1-1"""
2027-03-20,Brighton,Coventry,0.6349066226636533,0.18380637361229757,0.18128700372404924,H,2.6203092123694343,0.7689350254592284,"=""2-0""|=""3-0""|=""2-1""",0.6349066226636533,2027-03-20,H,"=""2-0""",H,"=""2-0""",H,"=""2-0""","=""2-0"""
2027-03-20,Everton,Spurs,0.4781233384746988,0.24816495457125876,0.27371170695404246,H,1.7537130511221959,0.9679532026495056,"=""1-0""|=""2-0""|=""2-1""",0.4781233384746988,2027-03-20,H,"=""1-0""",H,"=""1-0""",H,"=""1-0""","=""1-0"""
2027-03-20,Fulham,Liverpool,0.3345536619651877,0.22123500437689295,0.44421133365791937,A,1.1997308766116637,1.5783807000561207,"=""0-1""|=""1-2""|=""1-1""",0.44421133365791937,2027-03-20,A,"=""0-1""",A,"=""0-1""",A,"=""0-1""","=""0-1"""
2027-03-20,Hull,Chelsea,0.2694613829719828,0.2611232132476792,0.4694154037803381,A,0.9073231240184944,1.7809183120485894,"=""0-1""|=""0-2""|=""1-2""",0.4694154037803381,2027-03-20,A,"=""0-1""",A,"=""0-1""",A,"=""0-1""","=""0-1"""
2027-03-20,Ipswich,Crystal Palace,0.3723533231979983,0.21506620610481025,0.41258047069719145,D,1.0984046822745248,1.442219579822753,"=""1-1""|=""0-1""|=""1-2""",0.41258047069719145,2027-03-20,H,"=""1-0""",A,"=""0-1""",A,"=""0-1""","=""1-1"""
2027-03-20,Man City,Man Utd,0.6345303880288209,0.15522405097400732,0.21024556099717173,H,2.6972224167673193,0.6698104509630858,"=""2-0""|=""3-0""|=""1-0""",0.6345303880288209,2027-03-20,H,"=""2-0""",H,"=""2-0""",H,"=""2-0""","=""2-0"""
2027-03-20,Newcastle,Leeds,0.4676189274911129,0.24760197525867877,0.28477909725020834,H,1.6104579718856544,1.061201491840003,"=""1-0""|=""2-1""|=""2-0""",0.4676189274911129,2027-03-20,H,"=""1-0""",H,"=""1-0""",H,"=""1-0""","=""1-0"""
2027-03-20,Nott'm Forest,Aston Villa,0.397965899424115,0.22949670481396786,0.37253739576191713,D,1.278711517847373,1.3102949657300442,"=""1-1""|=""1-0""|=""0-1""",0.397965899424115,2027-03-20,A,"=""0-1""",H,"=""1-0""",A,"=""0-1""","=""1-1"""
2027-04-10,Aston Villa,Brighton,0.4418080576774104,0.24622560079906966,0.31196634152352,H,1.6607884345054809,1.1081035064513687,"=""1-0""|=""2-1""|=""2-0""",0.4418080576774104,2027-04-10,H,"=""1-0""",H,"=""1-0""",H,"=""1-0""","=""1-0"""
2027-04-10,Bournemouth,Man City,0.2915883554490126,0.2159386488789744,0.492472995672013,A,1.1909242600443715,1.6316970712733678,"=""0-1""|=""1-2""|=""0-2""",0.492472995672013,2027-04-10,A,"=""0-1""",A,"=""0-1""",A,"=""0-1""","=""0-1"""
2027-04-10,Chelsea,Fulham,0.45167637240131664,0.27197130989411544,0.2763523177045679,H,1.704942835045342,0.9819792534480516,"=""1-0""|=""2-0""|=""2-1""",0.45167637240131664,2027-04-10,H,"=""1-0""",H,"=""1-0""",H,"=""1-0""","=""1-0"""
2027-04-10,Coventry,Arsenal,0.23598521691766722,0.2425325249032415,0.5214822581790912,A,0.5649766448596648,2.455773309193554,"=""0-2""|=""0-1""|=""0-3""",0.5214822581790912,2027-04-10,A,"=""0-2""",A,"=""0-2""",A,"=""0-2""","=""0-2"""
2027-04-10,Crystal Palace,Everton,0.4384747798488551,0.2503684033486282,0.3111568168025167,D,1.4571730511993952,1.2069616111784378,"=""1-1""|=""1-0""|=""2-1""",0.4384747798488551,2027-04-10,H,"=""1-0""",H,"=""1-0""",H,"=""1-0""","=""1-1"""
2027-04-10,Leeds,Nott'm Forest,0.46780350558025185,0.23643683165395352,0.29575966276579463,D,1.4302755271753353,1.1409056614215374,"=""1-1""|=""1-0""|=""2-1""",0.46780350558025185,2027-04-10,H,"=""1-0""",H,"=""1-0""",H,"=""1-0""","=""1-1"""
2027-04-10,Liverpool,Newcastle,0.5209494519091324,0.22902970527538558,0.2500208428154819,H,1.9150052460654723,0.9472382509979117,"=""2-0""|=""1-0""|=""2-1""",0.5209494519091324,2027-04-10,H,"=""1-0""",H,"=""1-0""",H,"=""1-0""","=""2-0"""
2027-04-10,Man Utd,Hull,0.508609934124444,0.26482971326621363,0.22656035260934243,H,1.6798323216915367,0.9384483408314428,"=""1-0""|=""2-0""|=""2-1""",0.508609934124444,2027-04-10,H,"=""1-0""",H,"=""1-0""",H,"=""1-0""","=""1-0"""
2027-04-10,Spurs,Brentford,0.3969580520522713,0.21649255617030144,0.38654939177742725,D,1.1812290317881444,1.3781977798258749,"=""1-1""|=""0-1""|=""1-0""",0.3969580520522713,2027-04-10,H,"=""1-0""",H,"=""1-0""",A,"=""0-1""","=""1-1"""
2027-04-10,Sunderland,Ipswich,0.46530141414811166,0.25591136372747714,0.27878722212441126,H,1.7834669182274583,0.9131858904414536,"=""1-0""|=""2-0""|=""2-1""",0.46530141414811166,2027-04-10,H,"=""1-0""",H,"=""1-0""",H,"=""1-0""","=""1-0"""
2027-04-17,Arsenal,Aston Villa,0.5237670337503898,0.23608801794331263,0.24014494830629757,H,2.0669607067195246,0.8560500980315066,"=""2-0""|=""1-0""|=""2-1""",0.5237670337503898,2027-04-17,H,"=""2-0""",H,"=""2-0""",H,"=""2-0""","=""2-0"""
2027-04-17,Brentford,Leeds,0.4751994963136738,0.24864316449487844,0.2761573391914478,H,1.6370007562556788,1.0676064054907113,"=""1-0""|=""2-1""|=""2-0""",0.4751994963136738,2027-04-17,H,"=""1-0""",H,"=""1-0""",H,"=""1-0""","=""1-0"""
2027-04-17,Brighton,Chelsea,0.44384861996064817,0.24908368625395605,0.3070676937853959,D,1.4496973652773846,1.2873736613331312,"=""1-1""|=""2-1""|=""1-0""",0.44384861996064817,2027-04-17,A,"=""0-1""",H,"=""1-0""",H,"=""1-0""","=""1-1"""
2027-04-17,Everton,Bournemouth,0.4181911722077019,0.2223765578319547,0.3594322699603434,D,1.377239029712394,1.277979700790474,"=""1-1""|=""1-0""|=""2-1""",0.4181911722077019,2027-04-17,H,"=""1-0""",H,"=""1-0""",H,"=""1-0""","=""1-1"""
2027-04-17,Fulham,Sunderland,0.42905398244197945,0.26670344505061566,0.30424257250740483,H,1.545696112893311,1.0456688793241133,"=""1-0""|=""2-1""|=""1-1""",0.42905398244197945,2027-04-17,H,"=""1-0""",H,"=""1-0""",H,"=""1-0""","=""1-0"""
2027-04-17,Hull,Coventry,0.42821077543424785,0.2573036576229363,0.314485566942816,H,1.6479368031624182,1.0723375555546892,"=""1-0""|=""2-1""|=""2-0""",0.42821077543424785,2027-04-17,H,"=""1-0""",H,"=""1-0""",H,"=""1-0""","=""1-0"""
2027-04-17,Ipswich,Man Utd,0.4011002177572185,0.2527981324142552,0.34610164982852637,D,1.254196891609858,1.258247718605312,"=""1-1""|=""1-0""|=""0-1""",0.4011002177572185,2027-04-17,H,"=""1-0""",A,"=""0-1""",A,"=""0-1""","=""1-1"""
2027-04-17,Man City,Crystal Palace,0.6327608840042899,0.19886911315119488,0.16837000284451528,H,2.3905612988420626,0.7845598356879909,"=""2-0""|=""3-0""|=""1-0""",0.6327608840042899,2027-04-17,H,"=""2-0""",H,"=""2-0""",H,"=""2-0""","=""2-0"""
2027-04-17,Newcastle,Spurs,0.48549114249068004,0.23655684736730764,0.2779520101420124,H,1.8360006070379629,0.9097952663314811,"=""1-0""|=""2-0""|=""2-1""",0.48549114249068004,2027-04-17,H,"=""1-0""",H,"=""1-0""",H,"=""1-0""","=""1-0"""
2027-04-17,Nott'm Forest,Liverpool,0.3406334645580754,0.20559566855041914,0.4537708668915054,A,1.195791780079714,1.553774677268995,"=""0-1""|=""1-2""|=""0-2""",0.4537708668915054,2027-04-17,A,"=""0-1""",A,"=""0-1""",A,"=""0-1""","=""0-1"""
2027-04-24,Aston Villa,Coventry,0.6207370656161157,0.1859751991803298,0.19328773520355452,H,2.8812858883103325,0.7338521887101992,"=""2-0""|=""3-0""|=""2-1""",0.6207370656161157,2027-04-24,H,"=""2-0""",H,"=""2-0""",H,"=""2-0""","=""2-0"""
2027-04-24,Bournemouth,Arsenal,0.28832539434110105,0.22963247827263436,0.4820421273862646,A,1.112893220718619,1.7075440560683794,"=""0-1""|=""1-2""|=""0-2""",0.4820421273862646,2027-04-24,A,"=""0-1""",A,"=""0-1""",A,"=""0-1""","=""0-1"""
2027-04-24,Brentford,Fulham,0.4626636460585059,0.24091561619195287,0.2964207377495413,H,1.5759473906845531,1.081212995654544,"=""1-0""|=""2-1""|=""2-0""",0.4626636460585059,2027-04-24,H,"=""1-0""",H,"=""1-0""",H,"=""1-0""","=""1-0"""
2027-04-24,Chelsea,Man City,0.30588074319185615,0.24804997035266063,0.4460692864554832,D,1.2365486608172416,1.5352910751531392,"=""1-1""|=""0-1""|=""1-2""",0.4460692864554832,2027-04-24,A,"=""0-1""",A,"=""0-1""",A,"=""0-1""","=""1-1"""
2027-04-24,Everton,Brighton,0.45566165385480634,0.22495241282187156,0.3193859333233221,D,1.4210633179053063,1.2484387350497002,"=""1-1""|=""1-0""|=""2-1""",0.45566165385480634,2027-04-24,H,"=""1-0""",H,"=""1-0""",H,"=""1-0""","=""1-1"""
2027-04-24,Leeds,Liverpool,0.3062453636911166,0.21846109458264426,0.4752935417262392,A,1.158047117309016,1.5671041310225244,"=""0-1""|=""1-2""|=""0-2""",0.4752935417262392,2027-04-24,A,"=""0-1""",A,"=""0-1""",A,"=""0-1""","=""0-1"""
2027-04-24,Man Utd,Crystal Palace,0.39307931286387776,0.22986691867002432,0.377053768466098,D,1.2451779150345026,1.2502247962461555,"=""1-1""|=""1-0""|=""0-1""",0.39307931286387776,2027-04-24,H,"=""1-0""",H,"=""1-0""",A,"=""0-1""","=""1-1"""
2027-04-24,Newcastle,Ipswich,0.5759446739603017,0.21507933094741455,0.20897599509228373,H,2.08886817668313,0.8107725740607131,"=""2-0""|=""1-0""|=""2-1""",0.5759446739603017,2027-04-24,H,"=""2-0""",H,"=""2-0""",H,"=""2-0""","=""2-0"""
2027-04-24,Nott'm Forest,Sunderland,0.4711332378937433,0.23881518945514635,0.2900515726511105,H,1.5329473551987889,1.0208439538232108,"=""1-0""|=""2-1""|=""2-0""",0.4711332378937433,2027-04-24,H,"=""1-0""",H,"=""1-0""",H,"=""1-0""","=""1-0"""
2027-04-24,Spurs,Hull,0.5086634303552373,0.2648099761150743,0.22652659352968843,H,1.6805975327647638,0.9383253529872231,"=""1-0""|=""2-0""|=""2-1""",0.5086634303552373,2027-04-24,H,"=""1-0""",H,"=""1-0""",H,"=""1-0""","=""1-0"""
2027-05-01,Arsenal,Spurs,0.5928851427451943,0.17404971540972172,0.23306514184508398,H,2.769903950082225,0.6163347661362073,"=""2-0""|=""3-0""|=""1-0""",0.5928851427451943,2027-05-01,H,"=""2-0""",H,"=""2-0""",H,"=""2-0""","=""2-0"""
2027-05-01,Brighton,Nott'm Forest,0.48234713497331666,0.23880577764129957,0.27884708738538383,H,1.6015221786022484,1.076799802652341,"=""1-0""|=""2-1""|=""2-0""",0.48234713497331666,2027-05-01,H,"=""1-0""",H,"=""1-0""",H,"=""1-0""","=""1-0"""
2027-05-01,Coventry,Man Utd,0.38680340877426217,0.2855656921579485,0.32763089906778936,D,0.9888575368888738,1.2753733980269377,"=""1-1""|=""0-0""|=""0-1""",0.38680340877426217,2027-05-01,H,"=""1-0""",H,"=""1-0""",A,"=""0-1""","=""1-1"""
2027-05-01,Crystal Palace,Aston Villa,0.34057477726325813,0.2534550131411509,0.40597020959559105,D,1.2640473567214854,1.3875805325468578,"=""1-1""|=""0-1""|=""1-2""",0.40597020959559105,2027-05-01,A,"=""0-1""",A,"=""0-1""",A,"=""0-1""","=""1-1"""
2027-05-01,Fulham,Everton,0.44698656753373983,0.25489962940960004,0.2981138030566601,D,1.485795672910909,1.1667446259393306,"=""1-1""|=""1-0""|=""2-1""",0.44698656753373983,2027-05-01,H,"=""1-0""",H,"=""1-0""",H,"=""1-0""","=""1-1"""
2027-05-01,Hull,Bournemouth,0.3159728412604843,0.23500524050230664,0.44902191823720905,A,0.9232156847728697,1.6654160208423499,"=""0-1""|=""0-2""|=""1-2""",0.44902191823720905,2027-05-01,H,"=""1-0""",A,"=""0-1""",A,"=""0-1""","=""0-1"""
2027-05-01,Ipswich,Leeds,0.3563238630183547,0.24639974599943626,0.397276390982209,A,1.0959836775132077,1.458452965278255,"=""0-1""|=""1-1""|=""1-2""",0.397276390982209,2027-05-01,H,"=""1-0""",A,"=""0-1""",A,"=""0-1""","=""0-1"""
2027-05-01,Liverpool,Chelsea,0.4672709353378855,0.23734176231721843,0.29538730234489596,H,1.811281889073897,1.0614717852388225,"=""2-1""|=""1-0""|=""2-0""",0.4672709353378855,2027-05-01,H,"=""1-0""",H,"=""1-0""",H,"=""1-0""","=""2-1"""
2027-05-01,Man City,Brentford,0.6461921103247712,0.17696710889158904,0.17684078078363977,H,2.2681878879899577,0.8643517632171603,"=""2-0""|=""2-1""|=""1-0""",0.6461921103247712,2027-05-01,H,"=""2-0""",H,"=""2-0""",H,"=""2-0""","=""2-0"""
2027-05-01,Sunderland,Newcastle,0.41248293243182027,0.25898825179498963,0.32852881577319015,D,1.2917115119379492,1.3099111691787417,"=""1-1""|=""1-0""|=""2-1""",0.41248293243182027,2027-05-01,H,"=""1-0""",H,"=""1-0""",A,"=""0-1""","=""1-1"""
2027-05-08,Bournemouth,Man Utd,0.5358654119395473,0.22560731770236825,0.23852727035808455,H,1.9495670426527534,0.8884833731725909,"=""2-0""|=""1-0""|=""2-1""",0.5358654119395473,2027-05-08,H,"=""1-0""",H,"=""1-0""",H,"=""1-0""","=""2-0"""
2027-05-08,Brentford,Aston Villa,0.41128013564326854,0.2464214353847117,0.34229842897201984,D,1.3890948834142474,1.2670125758631126,"=""1-1""|=""1-0""|=""2-1""",0.41128013564326854,2027-05-08,A,"=""0-1""",H,"=""1-0""",H,"=""1-0""","=""1-1"""
2027-05-08,Brighton,Sunderland,0.47188517388265816,0.23546046528463843,0.2926543608327034,H,1.6704549215661377,0.9796942960718458,"=""1-0""|=""2-0""|=""2-1""",0.47188517388265816,2027-05-08,H,"=""1-0""",H,"=""1-0""",H,"=""1-0""","=""1-0"""
2027-05-08,Everton,Hull,0.5397779187853626,0.27363739004729737,0.1865846911673401,H,2.0937485741491066,0.8481631259219232,"=""2-0""|=""1-0""|=""2-1""",0.5397779187853626,2027-05-08,H,"=""2-0""",H,"=""2-0""",H,"=""2-0""","=""2-0"""
2027-05-08,Fulham,Ipswich,0.517870423876971,0.2373886744801802,0.24474090164284876,H,1.9563852409493663,0.8535270799769419,"=""2-0""|=""1-0""|=""2-1""",0.517870423876971,2027-05-08,H,"=""1-0""",H,"=""1-0""",H,"=""1-0""","=""2-0"""
2027-05-08,Leeds,Arsenal,0.2715845900841752,0.24181262095081935,0.4866027889650054,A,0.9528874546609708,1.8473927693551,"=""0-1""|=""0-2""|=""1-2""",0.4866027889650054,2027-05-08,A,"=""0-1""",A,"=""0-1""",A,"=""0-1""","=""0-1"""
2027-05-08,Man City,Liverpool,0.45430932032998567,0.23862683129322493,0.3070638483767894,H,1.871606979441705,1.0957922089380479,"=""2-1""|=""2-0""|=""1-0""",0.45430932032998567,2027-05-08,H,"=""2-1""",H,"=""2-1""",H,"=""2-1""","=""2-1"""
2027-05-08,Newcastle,Coventry,0.5880038876885552,0.21744759456772558,0.19454851774371923,H,2.5879373748134684,0.7791729902510768,"=""2-0""|=""3-0""|=""2-1""",0.5880038876885552,2027-05-08,H,"=""2-0""",H,"=""2-0""",H,"=""2-0""","=""2-0"""
2027-05-08,Nott'm Forest,Crystal Palace,0.4581309128540596,0.23303547739134106,0.3088336097545994,H,1.5267939777620811,1.1117800721063664,"=""1-0""|=""2-1""|=""2-0""",0.4581309128540596,2027-05-08,H,"=""1-0""",H,"=""1-0""",H,"=""1-0""","=""1-0"""
2027-05-08,Spurs,Chelsea,0.3554039211234654,0.25585985801996625,0.38873622085656834,A,1.098029770094182,1.537461054707585,"=""0-1""|=""1-1""|=""1-2""",0.38873622085656834,2027-05-08,A,"=""0-1""",H,"=""1-0""",A,"=""0-1""","=""0-1"""
2027-05-15,Arsenal,Nott'm Forest,0.6012957308966553,0.18628104473168547,0.2124232243716592,H,2.3836433043462217,0.7371547359794778,"=""2-0""|=""3-0""|=""1-0""",0.6012957308966553,2027-05-15,H,"=""2-0""",H,"=""2-0""",H,"=""2-0""","=""2-0"""
2027-05-15,Aston Villa,Newcastle,0.4365339181714573,0.2522158014089586,0.31125028041958414,H,1.6715144730501317,1.0814458869852748,"=""1-0""|=""2-1""|=""2-0""",0.4365339181714573,2027-05-15,H,"=""1-0""",H,"=""1-0""",H,"=""1-0""","=""1-0"""
2027-05-15,Chelsea,Everton,0.4394290345681147,0.2627133606594433,0.2978576047724419,H,1.7321486813350675,1.0006977854430397,"=""1-0""|=""2-1""|=""2-0""",0.4394290345681147,2027-05-15,H,"=""1-0""",A,"=""0-1""",H,"=""1-0""","=""1-0"""
2027-05-15,Coventry,Spurs,0.3867640126381108,0.2855668011558241,0.32766918620606517,D,0.9884072894487109,1.2755405633116645,"=""1-1""|=""0-0""|=""0-1""",0.3867640126381108,2027-05-15,H,"=""1-0""",H,"=""1-0""",A,"=""0-1""","=""1-1"""
2027-05-15,Crystal Palace,Brighton,0.4164281095465344,0.23835990535122098,0.34521198510224466,D,1.377006444063652,1.2919223536471187,"=""1-1""|=""1-0""|=""2-1""",0.4164281095465344,2027-05-15,A,"=""0-1""",H,"=""1-0""",H,"=""1-0""","=""1-1"""
2027-05-15,Hull,Fulham,0.32849844758191743,0.24665775399508938,0.42484379842299325,A,0.9954603802751764,1.4996219754410571,"=""0-1""|=""1-1""|=""1-2""",0.42484379842299325,2027-05-15,A,"=""0-1""",A,"=""0-1""",A,"=""0-1""","=""0-1"""
2027-05-15,Ipswich,Man City,0.21867065363213267,0.20832834765684,0.5730009987110273,A,0.7685702176765792,2.326056074802379,"=""0-2""|=""0-1""|=""0-3""",0.5730009987110273,2027-05-15,A,"=""0-2""",A,"=""0-2""",A,"=""0-2""","=""0-2"""
2027-05-15,Liverpool,Brentford,0.5355955872402871,0.21375792675627392,0.250646486003439,H,1.9566026881883858,0.9563899223055904,"=""2-0""|=""1-0""|=""2-1""",0.5355955872402871,2027-05-15,H,"=""1-0""",H,"=""1-0""",H,"=""1-0""","=""2-0"""
2027-05-15,Man Utd,Leeds,0.3915232969525403,0.24319601117329365,0.36528069187416606,D,1.2354906251044118,1.2508846525245683,"=""1-1""|=""1-0""|=""0-1""",0.3915232969525403,2027-05-15,A,"=""0-1""",H,"=""1-0""",A,"=""0-1""","=""1-1"""
2027-05-15,Sunderland,Bournemouth,0.37011456692891054,0.2518884490212052,0.37799698404988424,D,1.2385054938541225,1.3641562905301803,"=""1-1""|=""0-1""|=""1-0""",0.37799698404988424,2027-05-15,A,"=""0-1""",H,"=""1-0""",A,"=""0-1""","=""1-1"""
2027-05-23,Bournemouth,Chelsea,0.43077617021781117,0.2504423443357443,0.3187814854464446,D,1.5151151960827853,1.2649699582735665,"=""1-1""|=""2-1""|=""1-0""",0.43077617021781117,2027-05-23,H,"=""1-0""",H,"=""1-0""",H,"=""1-0""","=""1-1"""
2027-05-23,Brentford,Hull,0.581070851588678,0.24404874586551017,0.17488040254581178,H,2.228280346937431,0.8006855257281995,"=""2-0""|=""1-0""|=""2-1""",0.581070851588678,2027-05-23,H,"=""2-0""",H,"=""2-0""",H,"=""2-0""","=""2-0"""
2027-05-23,Brighton,Liverpool,0.4008524889143771,0.21058691401505214,0.3885605970705708,D,1.2939853619031907,1.4738985309142383,"=""1-1""|=""0-1""|=""1-2""",0.4008524889143771,2027-05-23,A,"=""0-1""",H,"=""1-0""",A,"=""0-1""","=""1-1"""
2027-05-23,Everton,Arsenal,0.28548988211835785,0.24851794934610608,0.4659921685355361,A,0.9997934803775894,1.862046434906253,"=""0-1""|=""0-2""|=""1-2""",0.4659921685355361,2027-05-23,A,"=""0-1""",A,"=""0-1""",A,"=""0-1""","=""0-1"""
2027-05-23,Fulham,Coventry,0.5521758133394004,0.2380130173129217,0.209811169347678,H,2.4301593498648955,0.8238469184466563,"=""2-0""|=""2-1""|=""3-0""",0.5521758133394004,2027-05-23,H,"=""2-0""",H,"=""2-0""",H,"=""2-0""","=""2-0"""
2027-05-23,Leeds,Sunderland,0.49767044393717463,0.22746381583458353,0.2748657402282419,H,1.4939231416087135,1.0404367452052725,"=""1-0""|=""2-1""|=""2-0""",0.49767044393717463,2027-05-23,H,"=""1-0""",H,"=""1-0""",H,"=""1-0""","=""1-0"""
2027-05-23,Man City,Aston Villa,0.5139618243524934,0.23901233364001093,0.24702584200749578,H,2.011155907368786,0.9316001184885693,"=""2-0""|=""1-0""|=""2-1""",0.5139618243524934,2027-05-23,H,"=""2-0""",H,"=""2-0""",H,"=""2-0""","=""2-0"""
2027-05-23,Newcastle,Crystal Palace,0.487636330646775,0.25186330738099116,0.26050036197223386,H,1.624648379866171,1.0609267088356427,"=""1-0""|=""2-1""|=""2-0""",0.487636330646775,2027-05-23,H,"=""1-0""",H,"=""1-0""",H,"=""1-0""","=""1-0"""
2027-05-23,Nott'm Forest,Ipswich,0.5465346117868092,0.22328855358993135,0.2301768346232595,H,1.9685460476412042,0.8535976692924451,"=""2-0""|=""1-0""|=""2-1""",0.5465346117868092,2027-05-23,H,"=""1-0""",H,"=""1-0""",H,"=""1-0""","=""2-0"""
2027-05-23,Spurs,Man Utd,0.4490912835642622,0.2545162106434183,0.29639250579231957,D,1.4095983911709136,1.0756954366550646,"=""1-1""|=""1-0""|=""2-1""",0.4490912835642622,2027-05-23,H,"=""1-0""",H,"=""1-0""",H,"=""1-0""","=""1-1"""
2027-05-30,Arsenal,Brighton,0.5761929472830081,0.20572780646039868,0.2180792462565933,H,2.247568670834473,0.7946186978195633,"=""2-0""|=""1-0""|=""2-1""",0.5761929472830081,2027-05-30,H,"=""2-0""",H,"=""2-0""",H,"=""2-0""","=""2-0"""
2027-05-30,Aston Villa,Spurs,0.54752563753881,0.20761221591468018,0.24486214654650987,H,2.0391203513402636,0.8557274274560576,"=""2-0""|=""1-0""|=""2-1""",0.54752563753881,2027-05-30,H,"=""2-0""",H,"=""2-0""",H,"=""2-0""","=""2-0"""
2027-05-30,Chelsea,Brentford,0.5055603714771276,0.2107147139183627,0.2837249146045097,H,1.6845184321147508,1.056836255188997,"=""1-0""|=""2-1""|=""2-0""",0.5055603714771276,2027-05-30,H,"=""1-0""",H,"=""1-0""",H,"=""1-0""","=""1-0"""
2027-05-30,Coventry,Nott'm Forest,0.3522569605607399,0.2529640838898222,0.394778955549438,A,0.8465156567296706,1.5121350994343523,"=""0-1""|=""0-2""|=""1-1""",0.394778955549438,2027-05-30,H,"=""1-0""",H,"=""1-0""",A,"=""0-1""","=""0-1"""
2027-05-30,Crystal Palace,Leeds,0.4294492721459245,0.2678726692984927,0.3026780585555829,D,1.4853523478855342,1.1636050577129426,"=""1-1""|=""1-0""|=""2-1""",0.4294492721459245,2027-05-30,H,"=""1-0""",H,"=""1-0""",H,"=""1-0""","=""1-1"""
2027-05-30,Hull,Newcastle,0.30444297860416764,0.24162182187595346,0.4539351995198788,A,0.9623389619387915,1.5977039894007932,"=""0-1""|=""0-2""|=""1-2""",0.4539351995198788,2027-05-30,A,"=""0-1""",A,"=""0-1""",A,"=""0-1""","=""0-1"""
2027-05-30,Ipswich,Everton,0.33771886565545517,0.23297484283303954,0.4293062915115053,A,1.0781432425532156,1.5197182043189883,"=""0-1""|=""1-2""|=""1-1""",0.4293062915115053,2027-05-30,H,"=""1-0""",A,"=""0-1""",A,"=""0-1""","=""0-1"""
2027-05-30,Liverpool,Bournemouth,0.5236070128083475,0.23165199923007407,0.24474098796157834,H,1.8398585597685069,0.9898064948025802,"=""1-0""|=""2-0""|=""2-1""",0.5236070128083475,2027-05-30,H,"=""1-0""",H,"=""1-0""",H,"=""1-0""","=""1-0"""
2027-05-30,Man Utd,Fulham,0.38897968190746796,0.23546594615422975,0.3755543719383024,D,1.192488836093103,1.2710770172898094,"=""1-1""|=""0-1""|=""1-0""",0.38897968190746796,2027-05-30,H,"=""1-0""",H,"=""1-0""",A,"=""0-1""","=""1-1"""
2027-05-30,Sunderland,Man City,0.25823708560338243,0.22990217251001815,0.5118607418865994,A,0.9636289751757666,1.9042812748504732,"=""0-1""|=""0-2""|=""1-2""",0.5118607418865994,2027-05-30,A,"=""0-1""",A,"=""0-1""",A,"=""0-1""","=""0-1"""
